,Title,Certificate,Genre,Rating,Running Time,Directors,Stars Cast,Country,Release Date,Production Company,Release Year,Release Month
0,9,PG13,Action|Science Fiction|Animation|Adventure,7.55,79 min,Shane Acker,Martin Landau|Jennifer Connelly|John C. Reilly|Christopher Plummer|Elijah Wood|Crispin Glover,USA,9-Sep-09,Focus Features|Relativity Media|Arc Productions,2009,September
1,10,R,Romance|Comedy,7,122 min,Blake Edwards,Bo Derek|Julie Andrews|Robert Webber|Dudley Moore,USA,5-Oct-79,Geoffrey Productions|Orion Pictures,1979,October
2,1408,PG13,Drama|Horror,6.9,104 min,Mikael Hfstrm,Mary McCormack|John Cusack|Jasmine Jessica Anthony|Samuel L. Jackson,USA,22-Jun-07,Dimension Films|The Weinstein Company|Di Bonaventura Pictures,2007,June
3,(500) Days of Summer,PG13,Drama|Romance|Comedy,7.85,95 min,Marc Webb,Minka Kelly|Joseph Gordon-Levitt|Zooey Deschanel|Clark Gregg|Geoffrey Arend,USA,7-Aug-09,Fox Searchlight Pictures|Watermark|Dune Entertainment III,2009,August
4,10 Cloverfield Lane,PG13,Drama|Mystery|Horror|Thriller|Science Fiction,7.6,103 min,Dan Trachtenberg,"John Goodman|John Gallagher Jr.|Maya Erskine|Mary Elizabeth Winstead|John Gallagher, Jr.",USA,11-Mar-16,Paramount Pictures|Bad Robot|Spectrum Effects,2016,March
5,12 Angry Men,APPROVED,Drama|Crime,8.95,96 min,Sidney Lumet,"Lee J. Cobb|E.G. Marshall|Ed Begley, Sr.|Henry Fonda|Martin Balsam",USA,April 1957 (USA),Orion-Nova Productions,1957,April
6,12 Years a Slave,R,Drama|Biography|History,8.05,134 min,Steve McQueen,Benedict Cumberbatch|Michael Kenneth Williams|Brad Pitt|Michael Fassbender|Chiwetel Ejiofor,USA|USA,8-Nov-13,Regency Enterprises|River Road Entertainment|Plan B Entertainment,2013,November
7,127 Hours,R,Drama|Adventure|Biography,7.8,94 min,Danny Boyle,Kate Burton|James Franco|Amber Tamblyn|Kate Mara,USA|USA|USA,28-Jan-11,Path|Everest Entertainment|Cloud Eight Films,2011,January
8,2001: A Space Odyssey,G,Science Fiction|Adventure|Sci-Fi,9.15,149 min,Stanley Kubrick,Daniel Richter|William Sylvester|Gary Lockwood|Keir Dullea,UK|UK,12-May-68,Metro-Goldwyn-Mayer (MGM)|Stanley Kubrick Productions,1968,May
9,21 Grams,R,Drama|Thriller|Crime,7.85,124 min,Alejandro G. Irritu|Alejandro Gonzlez Irritu,Naomi Watts|Charlotte Gainsbourg|Benicio Del Toro|Sean Penn,USA,16-Jan-04,This Is That Productions|Y Productions|Mediana Productions Filmgesellschaft,2004,January
10,21 Jump Street,R,Action|Comedy|Crime,8.1,109 min,Christopher Miller|Phil Lord,Dave Franco|Jonah Hill|Ice Cube|Channing Tatum|Brie Larson,USA,16-Mar-12,Columbia Pictures|Metro-Goldwyn-Mayer (MGM)|Relativity Media,2012,March
11,28 Weeks Later,R,Drama|Horror|Sci-Fi,7.5,100 min,Juan Carlos Fresnadillo,"Harold Perrineau, Jr.|Robert Carlyle|Jeremy Renner|Rose Byrne",UK|UK,11-May-07,Fox Atomic|DNA Films|UK Film Council,2007,May
12,45 Years,R,Drama|Romance,8.05,91 min,Andrew Haigh,Geraldine James|Dolly Wells|Charlotte Rampling|Tom Courtenay,UK,28-Aug-15,"BFI Film Fund|British Film Institute (BFI)|Bureau, The",2015,August
13,48 Hrs.,R,Action|Comedy|Crime,7.45,96 min,Walter Hill,Eddie Murphy|Nick Nolte|Frank McRae|Annette O'Toole,USA,8-Dec-82,Paramount Pictures|Lawrence Gordon Productions,1982,December
14,8 Mile,R,Drama|Music,7.55,110 min,Curtis Hanson,Brittany Murphy|Kim Basinger|Mekhi Phifer|Eminem,USA|USA,8-Nov-02,Imagine Entertainment|Mikona Productions GmbH & Co. KG,2002,November
15,A Clockwork Orange,R,Drama|Science Fiction|Sci-Fi|Crime,9.15,136 min,Stanley Kubrick,Patrick Magee|Adrienne Corri|Michael Bates|Malcolm McDowell,UK|UK,2-Feb-72,Warner Bros.|Hawk Films,1972,February
16,A History of Violence,R,Drama|Thriller|Crime,8.25,96 min,David Cronenberg,Maria Bello|Ed Harris|Ashton Holmes|Viggo Mortensen|William Hurt,USA|USA|USA,30-Sep-05,New Line Cinema|BenderSpink|Media I! Filmproduktion Mnchen & Company,2005,September
17,A Most Violent Year,R,Drama|Thriller|Crime,7.5,125 min,J.C. Chandor,Oscar Isaac|David Oyelowo|Albert Brooks|Jessica Chastain,USA|USA,30-Jan-15,Before The Door Pictures|Washington Square Films|FilmNation Entertainment,2015,January
18,A Most Wanted Man,R,Drama|Spy Film|Thriller|Crime,7.9,122 min,Anton Corbijn,Rachel McAdams|Grigoriy Dobrygin|Philip Seymour Hoffman|Daniel Brhl|Willem Dafoe,UK|UK|UK,1-Aug-14,Lionsgate|Film4|Demarest Films,2014,August
19,A Nightmare on Elm Street,R,Horror,8.25,91 min,Wes Craven,John Saxon|Amanda Wyss|Robert Englund|Ronee Blakley|Heather Langenkamp|Johnny Depp,USA,16-Nov-84,New Line Cinema|Media Home Entertainment|Smart Egg Pictures,1984,November
20,A Room With a View,NOT RATED,Drama|Romance|Comedy Drama,8.7,117 min,James Ivory,Denholm Elliott|Julian Sands|Helena Bonham Carter|Maggie Smith,UK,11-Apr-86,Goldcrest Films International|National Film Finance Corporation (NFFC)|Curzon Film Distributors,1986,April
21,A Scanner Darkly,R,Drama|Science Fiction|Animation|Crime,7.55,100 min,Richard Linklater,"Winona Ryder|Keanu Reeves|Robert Downey Jr.|Woody Harrelson|Robert Downey, Jr.",USA,28-Jul-06,Warner Independent Pictures (WIP)|Thousand Words|Section Eight,2006,July
22,A Separation,PG13,Drama|Mystery,8.15,123 min,Asghar Farhadi,Payman Maadi|Shahab Hosseini|Peyman Moaadi|Leila Hatami|Sareh Bayat|Ali-Asghar Shahbazi,Iran|Iran,16-Mar-11,Asghar Farhadi Productions|Dreamlab Films|MPA APSA Academy Film Fund,2011,March
23,A Single Man,R,Drama|Romance,7.8,99 min,Tom Ford,Nicholas Hoult|Julianne Moore|Matthew Goode|Colin Firth,USA,5-Feb-10,Fade to Black Productions|Depth of Field|Artina Films,2010,February
24,A Streetcar Named Desire,PG,Drama,9,122 min,Elia Kazan,Marlon Brando|Kim Hunter|Karl Malden|Vivien Leigh,USA,1-Dec-51,Charles K. Feldman Group|Warner Bros.,1951,December
25,A.I.: Artificial Intelligence,PG13,Drama|Science Fiction|Adventure|Sci-Fi,7.05,146 min,Steven Spielberg,Brendan Gleeson|Jude Law|Frances O'Connor|Haley Joel Osment,USA,29-Jun-01,Warner Bros.|DreamWorks|Amblin Entertainment,2001,June
26,Abraham Lincoln: Vampire Hunter,R,Action|Fantasy|Horror,6.95,105 min,Timur Bekmambetov,Rufus Sewell|Mary Elizabeth Winstead|Benjamin Walker|Dominic Cooper|Anthony Mackie,USA,22-Jun-12,Abraham Productions|Bazelevs Production|Location Gourmet,2012,June
27,Airplane!,PG,Comedy,8.9,88 min,Jerry Zucker|Jim Abrahams|David Zucker,Robert Hays|Lloyd Bridges|Leslie Nielsen|Julie Hagerty|Kareem Abdul-Jabbar,USA,2-Jul-80,Paramount Pictures,1980,July
28,Akira,R,Action|Drama|Animation|Science Fiction,9.05,124 min,Katsuhiro tomo|Katsuhiro Otomo,Mami Koyama|Nozomu Sasaki|Mitsuo Iwata|Jan Rabson|Taro Ishida|Lara Cody,Japan,16-Jul-88,Akira Committee Company Ltd.|Kdansha|Mainichi Broadcasting System (MBS),1988,July
29,Aladdin,G,Fantasy|Children's/Family|Comedy|Animation|Adventure,8,90 min,Ron Clements|John Musker,Robin Williams|Linda Larkin|Lea Salonga|Scott Weinger,USA,25-Nov-92,Walt Disney Pictures|Silver Screen Partners IV|Walt Disney Feature Animation,1992,November
30,Alien,R,Science Fiction|Horror|Sci-Fi,9.25,116 min,Ridley Scott,Tom Skerritt|Veronica Cartwright|Sigourney Weaver|Yaphet Kotto|John Hurt,UK|UK,22-Jun-79,Brandywine Productions|Twentieth Century-Fox Productions,1979,June
31,Alien: Covenant,R,Science Fiction|Horror|Sci-Fi|Thriller,6.25,122 min,Ridley Scott,Katherine Waterston|Billy Crudup|Michael Fassbender|Danny McBride,USA|USA,19-May-17,Twentieth Century Fox|TSG Entertainment|Scott Free Productions,2017,May
32,Aliens,R,Action|Science Fiction|Adventure|Sci-Fi,8.7,137 min,James Cameron,Carrie Henn|Sigourney Weaver|Michael Biehn|Lance Henriksen|Paul Reiser,USA,18-Jul-86,Twentieth Century Fox|Brandywine Productions|SLM Production Group,1986,July
33,All the President's Men,PG,Drama|Biography|History,9,138 min,Alan J. Pakula,Jack Warden|Robert Redford|Dustin Hoffman|Martin Balsam,USA,9-Apr-76,Warner Bros.|Wildwood|Wildwood Enterprises,1976,April
34,Allied,R,Action|Drama|Romance|Thriller,7.55,124 min,Robert Zemeckis,Marion Cotillard|Jared Harris|Simon McBurney|Brad Pitt,UK|UK,23-Nov-16,GK Films|Huahua Media|ImageMovers,2016,November
35,American Honey,R,Drama|Romance|Comedy|Adventure,7.5,163 min,Andrea Arnold,Isaiah Stone|Riley Keough|Sasha Lane|Arielle Holmes|Shia LaBeouf,UK|UK,14-Oct-16,Parts and Labor|British Film Institute (BFI)|Film4,2016,October
36,American Hustle,R,Drama|Crime,7.65,138 min,David O. Russell,Jeremy Renner|Amy Adams|Christian Bale|Bradley Cooper,USA,20-Dec-13,Columbia Pictures|Annapurna Pictures|Atlas Entertainment,2013,December
37,American Made,R,Action|Comedy|Thriller|Biography,7.1,115 min,Doug Liman,Sarah Wright|Domhnall Gleeson|Caleb Landry Jones|Tom Cruise|Jesse Plemons,USA|USA,29-Sep-17,Cross Creek Pictures|Imagine Entertainment|Quadrant Pictures,2017,September
38,American Psycho,R,Drama|Comedy|Thriller|Crime,7.3,102 min,Mary Harron,Josh Lucas|Willem Dafoe|Jared Leto|Justin Theroux|Christian Bale|Reese Witherspoon,USA|USA,14-Apr-00,Am Psycho Productions|Edward R. Pressman Film|Lions Gate Films,2000,April
39,American Ultra,R,Action|Comedy|Sci-Fi,7.05,96 min,Nima Nourizadeh,Connie Britton|Topher Grace|Kristen Stewart|Tony Hale|Jesse Eisenberg,USA|USA,21-Aug-15,"PalmStar Media|Bridge Finance Company, The|Circle of Confusion",2015,August
40,Amlie,R,Romance|Comedy,8.15,122 min,Jean-Pierre Jeunet,Audrey Tautou|Yolande Moreau|Mathieu Kassovitz|Rufus,France|France,8-Feb-02,Claudie Ossard Productions|Union Gnrale Cinmatographique (UGC)|Victoires Productions,2002,February
41,Amores Perros,R,Drama|Thriller,8.05,154 min,Alejandro G. Irritu|Alejandro Gonzlez Irritu,Emilio Echevarra|Jorge Salinas|Goya Toledo|Emilio Echeverria|Alvaro Guerrero|Gael Garca Bernal,Mexico,13-Apr-01,Altavista Films|Zeta Film,2001,April
42,An American Werewolf in London,R,Horror|Comedy,8.3,97 min,John Landis,David Naughton|Jenny Agutter|John Woodvine|Joe Belcher|Griffin Dunne,UK|UK,21-Aug-81,PolyGram Filmed Entertainment|Lyncanthrope Films,1981,August
43,An Officer and a Gentleman,R,Drama|Romance,7.5,124 min,Taylor Hackford,Lisa Blount|Debra Winger|Richard Gere|David Keith,USA,13-Aug-82,Lorimar Film Entertainment|Paramount Pictures,1982,August
44,Annihilation,R,Drama|Fantasy|Adventure|Science Fiction|Action,7.55,115 min,Alex Garland,Natalie Portman|Gina Rodriguez|Jennifer Jason Leigh|Tessa Thompson,UK|UK,23-Feb-18,DNA Films|Paramount Pictures|Scott Rudin Productions,2018,February
45,Anomalisa,R,Drama|Comedy|Animation,7.65,90 min,Duke Johnson|Charlie Kaufman,Tom Noonan|Jennifer Jason Leigh|David Thewlis,USA,21-Jan-16,Harmonius Claptrap|Snoot Entertainment|Starburns Industries,2016,January
46,Antichrist,NOT RATED,Drama|Horror,6.3,108 min,Lars von Trier,Willem Dafoe|Storm Acheche Sahlstrm|Charlotte Gainsbourg,Denmark|Denmark|Denmark|Denmark|Denmark|Denmark,20-May-09,Zentropa Entertainments|Zentropa International Kln|Slot Machine,2009,May
47,Apollo 13,PG,Drama|Historical Film|Adventure|History,7.8,140 min,Ron Howard,Bill Paxton|Tom Hanks|Kevin Bacon|Gary Sinise,USA,30-Jun-95,Universal Pictures|Imagine Entertainment,1995,June
48,Argo,R,Drama|Biography|Thriller,7.85,120 min,Ben Affleck,John Goodman|Ben Affleck|Alan Arkin|Bryan Cranston,USA,12-Oct-12,Warner Bros.|GK Films|Smokehouse Pictures,2012,October
49,Arrival,PG13,Drama|Mystery|Sci-Fi|Science Fiction|Thriller,8.45,116 min,Denis Villeneuve,Michael Stuhlbarg|Forest Whitaker|Jeremy Renner|Amy Adams,USA,11-Nov-16,Lava Bear Films|FilmNation Entertainment|21 Laps Entertainment,2016,November
50,As Good As It Gets,PG13,Drama|Romance|Comedy|Comedy Drama,7.85,139 min,James L. Brooks,"Helen Hunt|Jack Nicholson|Cuba Gooding, Jr.|Greg Kinnear",USA,25-Dec-97,TriStar Pictures|Gracie Films,1997,December
51,Assassin's Creed,PG13,Action|Fantasy|Adventure,6.9,115 min,Justin Kurzel,Marion Cotillard|Brendan Gleeson|Michael Fassbender|Jeremy Irons,USA|USA|USA|USA|USA|USA,21-Dec-16,Regency Enterprises|Ubisoft|New Regency Pictures,2016,December
52,Atonement,R,Drama|Mystery|Romance,7.9,123 min,Joe Wright,Keira Knightley|Brenda Blethyn|James McAvoy|Romola Garai|Saoirse Ronan,UK|UK|UK,11-Jan-08,Universal Pictures|StudioCanal|Relativity Media,2008,January
53,August: Osage County,R,Drama|Comedy,8.1,121 min,John Wells,Ewan McGregor|Juliette Lewis|Meryl Streep|Julia Roberts|Dermot Mulroney,USA,10-Jan-14,The Weinstein Company|Jean Doumanian Productions|Smokehouse Pictures,2014,January
54,Austin Powers: International Man of Mystery,PG13,Comedy|Spy Film|Adventure,7.5,89 min,Jay Roach,Robert Wagner|Michael York|Mike Myers|Mimi Rogers|Elizabeth Hurley,USA|USA,2-May-97,Capella International|Eric's Boy|Juno Pix,1997,May
55,Avatar,PG13,Action|Fantasy|Adventure|Science Fiction,7.4,162 min,James Cameron,Sam Worthington|Sigourney Weaver|Stephen Lang|Zoe Saldana,UK|UK,18-Dec-09,Twentieth Century Fox|Dune Entertainment|Ingenious Film Partners,2009,December
56,Avengers: Age of Ultron,PG13,Action|Adventure|Sci-Fi,7.7,141 min,Joss Whedon,"Mark Ruffalo|Robert Downey Jr.|Chris Evans|Robert Downey, Jr.|Chris Hemsworth",USA,1-May-15,Marvel Studios|Walt Disney Pictures,2015,May
57,Babel,R,Drama,7.75,143 min,Alejandro G. Irritu|Alejandro Gonzlez Irritu,Gael Garca Bernal|Brad Pitt|Adriana Barraza|Cate Blanchett|Rinko Kikuchi,France|France|France,10-Nov-06,Paramount Pictures|Paramount Vantage|Anonymous Content,2006,November
58,Baby Driver,R,Action|Music|Crime,7.85,112 min,Edgar Wright,Jon Hamm|Ansel Elgort|Kevin Spacey|Lily James|Jon Bernthal,UK|UK,28-Jun-17,TriStar Pictures|Media Rights Capital (MRC)|Double Negative,2017,June
59,Back to the Future,PG,Science Fiction|Comedy|Adventure|Sci-Fi,8.75,116 min,Robert Zemeckis,Christopher Lloyd|Lea Thompson|Michael J. Fox|Crispin Glover,USA,3-Jul-85,Universal Pictures|Amblin Entertainment|U-Drive Productions,1985,July
60,Barry Lyndon,PG,Drama|Adventure|History,9.05,185 min,Stanley Kubrick,Patrick Magee|Gay Hamilton|Marisa Berenson|Ryan O'Neal,UK|UK,18-Dec-75,Peregrine|Hawk Films|Warner Bros.,1975,December
61,Basic Instinct,R,Drama|Mystery|Thriller|Crime,6.95,127 min,Paul Verhoeven,Sharon Stone|Jeanne Tripplehorn|George Dzundza|Michael Douglas,France|France|France,20-Mar-92,Carolco Pictures|Canal+,1992,March
62,Batman Begins,PG13,Action|Adventure|Thriller,8.15,140 min,Christopher Nolan,Katie Holmes|Christian Bale|Gary Oldman|Michael Caine|Liam Neeson|Ken Watanabe,USA|USA,15-Jun-05,Warner Bros.|Syncopy|DC Comics,2005,June
63,Battle Royale,NOT RATED,Drama|Adventure|Thriller|Sci-Fi,7.85,114 min,Kinji Fukasaku,Tatsuya Fujiwara|Taro Yamamoto|Tar Yamamoto|Chiaki Kuriyama|Aki Maeda,Japan,16-Dec-00,AM Associates|Fukasaku-gumi|GAGA,2000,December
64,Beasts of No Nation,NOT RATED,Drama|War,7.9,137 min,Cary Joji Fukunaga,Ricky Adelayitor|Emmanuel Affadzi|Abraham Attah|Kwaku Ankomah|David Dontoh|Dagbeh Tweh|Idris Elba,USA,16-Oct-15,"Princess Grace Foundation, The|Red Crown Productions|Participant Media",2015,October
65,Beautiful Creatures,PG13,Drama|Fantasy|Romance,7.1,124 min,Richard LaGravenese,Viola Davis|Alice Englert|Jeremy Irons|Emma Thompson|Alden Ehrenreich,USA,14-Feb-13,Alcon Entertainment|Belle Pictures|Warner Bros. Entertainment,2013,February
66,Before Sunrise,R,Drama|Romance|Comedy Drama,8.55,101 min,Richard Linklater,Ethan Hawke|Andrea Eckert|Hanno Pschl|Julie Delpy,USA|USA|USA,27-Jan-95,Castle Rock Entertainment|Detour Filmproduction|Filmhaus Wien Universa Filmproduktions,1995,January
67,Before Sunset,R,Drama|Romance|Comedy Drama,9.05,80 min,Richard Linklater,Ethan Hawke|Julie Delpy|Vernon Dobtcheff|Rodolphe Pauly,USA,30-Jul-04,Warner Independent Pictures (WIP)|Castle Rock Entertainment|Detour Filmproduction,2004,July
68,Being John Malkovich,R,Drama|Fantasy|Comedy,8.9,112 min,Spike Jonze,Cameron Diaz|John Cusack|John Malkovich|Catherine Keener,USA,3-Dec-99,Astralwerks|Gramercy Pictures (I)|Propaganda Films,1999,December
69,Big Eyes,PG13,Drama|Biography|Crime,7.5,106 min,Tim Burton,Christoph Waltz|Amy Adams|Krysten Ritter|Danny Huston,USA|USA,25-Dec-14,The Weinstein Company|Silverwood Films|Tim Burton Productions,2014,December
70,Bill & Ted's Excellent Adventure,PG,Science Fiction|Comedy|Music|Adventure,6.95,90 min,Stephen Herek,Bernie Casey|Keanu Reeves|Alex Winter|George Carlin,USA,17-Feb-89,De Laurentiis Entertainment Group (DEG)|De Laurentiis Film Partners|Interscope Communications,1989,February
71,Black Panther,PG13,Action|Science Fiction|Adventure|Sci-Fi,8.4,134 min,Ryan Coogler,Michael B. Jordan|Danai Gurira|Lupita Nyong'o|Chadwick Boseman,USA,16-Feb-18,Marvel Studios|Walt Disney Pictures,2018,February
72,Black Swan,R,Drama|Thriller,7.5,108 min,Darren Aronofsky,Barbara Hershey|Natalie Portman|Mila Kunis|Vincent Cassel,USA,17-Dec-10,Fox Searchlight Pictures|Cross Creek Pictures|Protozoa Pictures,2010,December
73,Blade II,R,Action|Horror|Sci-Fi,6.85,117 min,Guillermo del Toro,Wesley Snipes|Ron Perlman|Kris Kristofferson|Leonor Varela,Germany|Germany,22-Mar-02,New Line Cinema|Amen Ra Films|Marvel Enterprises,2002,March
74,Blade Runner,R,Science Fiction|Sci-Fi|Thriller,9.1,117 min,Ridley Scott,Edward James Olmos|Harrison Ford|Rutger Hauer|Sean Young,USA|USA,25-Jun-82,"Ladd Company, The|Shaw Brothers|Warner Bros.",1982,June
75,Blade Runner 2049,R,Drama|Mystery|Action|Sci-Fi|Science Fiction,7.55,164 min,Denis Villeneuve,Ana deArmas|Ana de Armas|Sylvia Hoeks|Ryan Gosling|Harrison Ford,USA|USA|USA|USA,6-Oct-17,Alcon Entertainment|Columbia Pictures|Sony,2017,October
76,Blood Simple.,R,Drama|Thriller|Crime,8.85,99 min,Joel Coen|Ethan Coen,John Getz|Dan Hedaya|M. Emmet Walsh|Frances McDormand,USA,18-Jan-85,River Road Productions|Foxton Entertainment,1985,January
77,Blue Is the Warmest Color,NC17,Drama|Romance,7.9,180 min,Abdellatif Kechiche,Adle Exarchopoulos|La Seydoux|Mona Walravens|Salim Kechiouche,France|France|France,9-Oct-13,Quat'sous Films|Wild Bunch|France 2 Cinma,2013,October
78,Body Double,R,Mystery|Thriller,6.9,114 min,Brian De Palma,Craig Wasson|Ty Randolph|Melanie Griffith|Gregg Henry,USA,26-Oct-84,Columbia Pictures Corporation|Delphi II Productions,1984,October
79,Body Heat,R,Drama|Romance|Thriller|Crime,8.2,113 min,Lawrence Kasdan,Ted Danson|Kathleen Turner|Richard Crenna|William Hurt,USA,28-Aug-81,"Ladd Company, The",1981,August
80,Bottle Rocket,R,Drama|Comedy|Crime,7.55,91 min,Wes Anderson,Owen Wilson|Luke Wilson|Ned Dowd|Lumi Cavazos|Robert Musgrave,USA,21-Feb-96,Columbia Pictures Corporation|Gracie Films,1996,February
81,Boyhood,R,Drama,8.95,165 min,Richard Linklater,Ethan Hawke|Patricia Arquette|Lorelei Linklater|Ellar Coltrane,USA,15-Aug-14,IFC Productions|Detour Filmproduction,2014,August
82,Boys Don't Cry,R,Drama|Biography|Crime,7.8,118 min,Kimberly Peirce,Brendan Sexton III|Hilary Swank|Alison Folland|Chlo Sevigny|Peter Sarsgaard,USA,31-Mar-00,Fox Searchlight Pictures|The Independent Film Channel Productions|Killer Films,2000,March
83,Boyz 'N the Hood,R,Drama|Crime,8.9,112 min,John Singleton,"Cuba Gooding Jr.|Angela Bassett|Morris Chestnut|Hudhail Al-Amir|Cuba Gooding, Jr.|Ice Cube|Laurence Fishburne",USA,12-Jul-91,Columbia Pictures Corporation,1991,July
84,Brazil,R,Drama|Science Fiction|Sci-Fi,9,132 min,Terry Gilliam,Jonathan Pryce|Kim Greist|Michael Palin|Robert De Niro,UK|UK,18-Dec-85,Embassy International Pictures,1985,December
85,Breakfast at Tiffany's,NOT RATED,Drama|Romance|Comedy|Comedy Drama,8.35,115 min,Blake Edwards,Audrey Hepburn|Buddy Ebsen|George Peppard|Patricia Neal,USA,4-Nov-61,Jurow-Shepherd,1961,November
86,Bridge of Spies,PG13,Drama|Historical Film|Thriller|History,7.8,142 min,Steven Spielberg,Alan Alda|Tom Hanks|Amy Ryan|Mark Rylance,USA|USA|USA,16-Oct-15,DreamWorks|Fox 2000 Pictures|Reliance Entertainment,2015,October
87,Bridget Jones's Diary,R,Drama|Romance|Comedy,7.35,97 min,Sharon Maguire,Hugh Grant|Rene Zellweger|Colin Firth|Gemma Jones,UK|UK|UK|UK,13-Apr-01,Miramax|Universal Pictures|StudioCanal,2001,April
88,Brokeback Mountain,R,Drama|Romance,8.35,134 min,Ang Lee,Michelle Williams|Heath Ledger|Jake Gyllenhaal|Anne Hathaway,USA|USA,13-Jan-06,Focus Features|River Road Entertainment|Alberta Film Entertainment,2006,January
89,Brotherhood of the Wolf,R,Action|Drama|Horror|Adventure,6.55,142 min,Christophe Gans,Jrmie Renier|Vincent Cassel|Samuel Le Bihan|Mark Dacascos|milie Dequenne,France,1-Feb-02,Canal+|Davis-Films|Eskwad,2002,February
90,Bullitt,M/PG,Action|Mystery|Thriller|Crime,8.25,114 min,Peter Yates,Don Gordon|Steve McQueen|Robert Vaughn|Jacqueline Bisset,USA,17-Oct-68,Solar Productions,1968,October
91,Buried,R,Drama|Mystery|Thriller,7,95 min,Rodrigo Corts,Samantha Mathis|Stephen Tobolowsky|Robert Paterson|Jos Luis Garca Prez|Ivana Mio|Ryan Reynolds,Spain|Spain|Spain|Spain,15-Oct-10,Audiovisual Aval SGR|Avalis de Catalunya SGR|Generalitat de Catalunya - Institut Catal de les Indstries Culturals (ICIC),2010,October
92,Cabin Fever,R,Horror,5.8,93 min,Eli Roth,Jordan Ladd|Joey Kern|Rider Strong|James DeBello,USA,12-Sep-03,Tonic Films|Down Home Entertainment|Black Sky Entertainment,2003,September
93,Captain America: The First Avenger,PG13,Action|Adventure|Sci-Fi,7.45,124 min,Joe Johnston,Hugo Weaving|Hayley Atwell|Tommy Lee Jones|Samuel L. Jackson|Sebastian Stan|Chris Evans,USA,22-Jul-11,Paramount Pictures|Marvel Entertainment|Marvel Studios,2011,July
94,Captain America: The Winter Soldier,PG13,Action|Adventure|Sci-Fi,7.9,136 min,Anthony Russo|Joe Russo,Samuel L. Jackson|Sebastian Stan|Chris Evans|Anthony Mackie|Scarlett Johansson,USA,4-Apr-14,Marvel Entertainment|Marvel Studios|Walt Disney Pictures,2014,April
95,Captain Phillips,PG13,Drama|Biography|Thriller,7.9,134 min,Paul Greengrass,Tom Hanks|Barkhad Abdirahman|Barkhad Abdi|Michael Chernus|Catherine Keener,USA,11-Oct-13,Scott Rudin Productions|Michael De Luca Productions|Trigger Street Productions,2013,October
96,Carol,R,Drama|Romance,8.1,118 min,Todd Haynes,Sarah Paulson|Rooney Mara|Cate Blanchett|Kyle Chandler,UK|UK,15-Jan-16,The Weinstein Company|Film4|Number 9 Films,2016,January
97,Carrie,R,Horror,8.2,98 min,Brian De Palma,William Katt|Piper Laurie|Sissy Spacek|Amy Irving,USA,16-Nov-76,Red Bank Films,1976,November
98,Casablanca,PG,Drama|Romance|War,9.25,102 min,Michael Curtiz,Humphrey Bogart|Claude Rains|Ingrid Bergman|Paul Henreid,USA,23-Jan-43,Warner Bros.,1943,January
99,Casino Royale,PG13,Action|Adventure|Thriller,8,144 min,Martin Campbell,Judi Dench|Mads Mikkelsen|Eva Green|Giancarlo Giannini|Daniel Craig,UK|UK|UK|UK|UK|UK,17-Nov-06,Columbia Pictures|Eon Productions|Casino Royale Productions,2006,November
100,Chappie,R,Action|Drama|Crime,7.9,120 min,Neill Blomkamp,Sharlto Copley|Jose Pablo Cantillo|Dev Patel|Hugh Jackman|Sigourney Weaver,South Africa|South Africa,6-Mar-15,Columbia Pictures|Media Rights Capital (MRC)|LStar Capital,2015,March
101,Child's Play,R,Horror|Thriller,6.3,87 min,Tom Holland,Alex Vincent|Catherine Hicks|Brad Dourif|Chris Sarandon,USA,9-Nov-88,United Artists,1988,November
102,Children of Men,R,Drama|Science Fiction|Sci-Fi|Thriller,8.45,109 min,Alfonso Cuarn,Julianne Moore|Michael Caine|Chiwetel Ejiofor|Clive Owen,USA|USA|USA,5-Jan-07,Universal Pictures|Strike Entertainment|Hit & Run Productions,2007,January
103,Christine,R,Horror|Thriller,6.35,110 min,John Carpenter,Alexandra Paul|Robert Prosky|Keith Gordon|John Stockwell,USA,9-Dec-83,Columbia Pictures Corporation|Delphi Premier Productions|Polar Film,1983,December
104,Chronicle,PG13,Drama|Fantasy|Sci-Fi|Thriller,7.05,84 min,Josh Trank,Michael Kelly|Michael B. Jordan|Dane DeHaan|Alex Russell,USA,3-Feb-12,Twentieth Century Fox|Davis Entertainment|Dune Entertainment,2012,February
105,Cinema Paradiso,R,Drama,8.25,155 min,Giuseppe Tornatore,Enzo Cannavale|Salvatore Cascio|Philippe Noiret|Marco Leonardi|Jacques Perrin|Antonella Attili,Italy|Italy,23-Feb-90,Cristaldifilm|Les Films Ariane|Rai 3,1990,February
106,Close Encounters of the Third Kind,PG,Drama|Science Fiction|Sci-Fi,8.85,138 min,Steven Spielberg,Teri Garr|Richard Dreyfuss|Cary Guffey|Melinda Dillon|Franois Truffaut,USA,14-Dec-77,Julia Phillips and Michael Phillips Productions|EMI Films|EMI Films,1977,December
107,Closer,R,Drama|Romance,7.65,104 min,Mike Nichols,Clive Owen|Natalie Portman|Jude Law|Julia Roberts,USA|USA,3-Dec-04,Columbia Pictures|Inside Track 2|Aquarium Productions,2004,December
108,Cloverfield,PG13,Action|Science Fiction|Horror|Sci-Fi,7,85 min,Matt Reeves,T.J. Miller|Michael Stahl-David|Mike Vogel|Jessica Lucas|Lizzy Caplan,USA,18-Jan-08,Paramount Pictures|Bad Robot|Cloverfield Productions,2008,January
109,Clueless,PG13,Romance|Comedy,7.9,97 min,Amy Heckerling,Brittany Murphy|Alicia Silverstone|Paul Rudd|Stacey Dash,USA,19-Jul-95,Paramount Pictures,1995,July
110,Cocoon,PG13,Drama|Science Fiction|Comedy|Sci-Fi,7.35,117 min,Ron Howard,Wilford Brimley|Hume Cronyn|Don Ameche|Brian Dennehy,USA,21-Jun-85,Twentieth Century Fox|Zanuck/Brown Productions|SLM Production Group,1985,June
111,Coherence,NOT RATED,Mystery|Science Fiction|Sci-Fi|Thriller,6.6,89 min,James Ward Byrkit,Elizabeth Gracen|Emily Baldoni|Nicholas Brendon|Maury Sterling|Emily Foxler,USA|USA,6-Aug-14,Bellanova Films|Ugly Duckling Films,2014,August
112,Collateral,R,Drama|Thriller|Crime,7.75,120 min,Michael Mann,Jada Pinkett Smith|Mark Ruffalo|Jamie Foxx|Tom Cruise,USA,6-Aug-04,Paramount Pictures|DreamWorks|Parkes+MacDonald Image Nation,2004,August
113,Colossal,R,Drama|Fantasy|Science Fiction|Action|Comedy,6.6,109 min,Nacho Vigalondo,Jason Sudeikis|Austin Stowell|Dan Stevens|Anne Hathaway,Canada|Canada|Canada|Canada,21-Apr-17,Toy Fight Productions|Brightlight Pictures|Sayaka Producciones Audiovisuales,2017,April
114,Contact,PG,Drama|Mystery|Sci-Fi|Science Fiction,7.2,150 min,Robert Zemeckis,Matthew McConaughey|Tom Skerritt|Jodie Foster|John Hurt|James Woods,USA,11-Jul-97,Warner Bros.|South Side Amusement Company,1997,July
115,Cool Hand Luke,GP,Drama|Crime,8.55,126 min,Stuart Rosenberg,Strother Martin|J.D. Cannon|George Kennedy|Lou Antonio|Paul Newman,USA,1-Nov-67,Jalem Productions,1967,November
116,Cowboys & Aliens,PG13,Action|Science Fiction|Sci-Fi|Thriller|Western,6.5,119 min,Jon Favreau,Sam Rockwell|Olivia Wilde|Harrison Ford|Daniel Craig,USA,29-Jul-11,Universal Pictures|DreamWorks|Reliance Entertainment,2011,July
117,"Crazy, Stupid, Love.",PG13,Drama|Romance|Comedy,7.7,118 min,John Requa|Glenn Ficarra,Julianne Moore|Ryan Gosling|Steve Carell|Emma Stone,USA,29-Jul-11,Carousel Productions (II),2011,July
118,Crimson Peak,R,Drama|Fantasy|Horror,6.25,119 min,Guillermo del Toro,Charlie Hunnam|Jessica Chastain|Tom Hiddleston|Mia Wasikowska,USA|USA,16-Oct-15,Double Dare You (DDY)|Legendary Entertainment,2015,October
119,Cube,R,Drama|Mystery|Sci-Fi|Science Fiction,6.65,90 min,Vincenzo Natali,Nicole de Boer|Nicky Guadagni|David Hewlett|Maurice Dean Wint|Nicole deBoer,Canada,11-Jul-98,"Cube Libre|Feature Film Project, The|Harold Greenberg Fund, The",1998,July
120,Dangerous Liaisons,R,Drama|Romance,8.3,119 min,Stephen Frears,Glenn Close|Swoosie Kurtz|Michelle Pfeiffer|John Malkovich,USA|USA,24-Feb-89,Lorimar Film Entertainment|NFH Productions|Warner Bros.,1989,February
121,Dark City,R,Mystery|Science Fiction|Sci-Fi|Thriller,7.85,100 min,Alex Proyas,Rufus Sewell|Jennifer Connelly|Kiefer Sutherland|William Hurt,Australia|Australia,27-Feb-98,Mystery Clock Cinema|New Line Cinema,1998,February
122,Das Boot,R,Drama|Action|Adventure|Thriller|War,9.2,149 min,Wolfgang Petersen,Jrgen Prochnow|Hubertus Bengsch|Klaus Wennemann|Bernd Tauber|Herbert Grnemeyer|Martin Semmelrogge,West Germany,10-Feb-82,Bavaria Film|Radiant Film GmbH|Sddeutscher Rundfunk (SDR),1982,February
123,Dawn of the Planet of the Apes,PG13,Action|Drama|Adventure|Science Fiction,8.3,130 min,Matt Reeves,Keri Russell|Gary Oldman|Kodi Smit-McPhee|Andy Serkis|Jason Clarke,USA|USA|USA,11-Jul-14,Chernin Entertainment|Ingenious Media|Soho VFX,2014,July
124,Days of Heaven,PG,Drama|Romance,8.45,94 min,Terrence Malick,Richard Gere|Brooke Adams|Linda Manz|Sam Shepard,USA,6-Oct-78,Paramount Pictures,1978,October
125,Dead Man's Shoes,NOT RATED,Drama|Thriller|Crime,7.35,90 min,Shane Meadows,Gary Stretch|Paddy Considine|Toby Kebbell|Stuart Wolfenden,UK,1-Oct-04,Warp Films|Big Arty Productions|EM Media,2004,October
126,Deadpool,R,Action|Comedy|Adventure,8,108 min,Tim Miller,Ed Skrein|Morena Baccarin|T.J. Miller|Ryan Reynolds,USA,12-Feb-16,Twentieth Century Fox|Marvel Entertainment|Kinberg Genre,2016,February
127,Deep Impact,PG13,Action|Drama|Romance|Science Fiction,6.05,120 min,Mimi Leder,Ta Leoni|Elijah Wood|Vanessa Redgrave|Robert Duvall,USA,8-May-98,Paramount Pictures|DreamWorks|Zanuck/Brown Productions,1998,May
128,Deepwater Horizon,PG13,Action|Drama|Thriller,7.6,107 min,Peter Berg,Kurt Russell|Douglas M. Griffin|Mark Wahlberg|Gina Rodriguez|John Malkovich,Hong Kong|Hong Kong,30-Sep-16,Summit Entertainment|Participant Media|Di Bonaventura Pictures,2016,September
129,Deliverance,R,Drama|Adventure|Thriller,8.85,109 min,John Boorman,Jon Voight|Burt Reynolds|Ned Beatty|Ronny Cox,USA,20-Sep-72,Warner Bros.|Elmer Enterprises,1972,September
130,Die Hard,R,Action|Thriller,9.1,132 min,John McTiernan,Bruce Willis|Alexander Godunov|Bonnie Bedelia|Alan Rickman,USA,20-Jul-88,Twentieth Century Fox|Gordon Company|Silver Pictures,1988,July
131,Die Hard 2,R,Action|Thriller,7.55,124 min,Renny Harlin,Bruce Willis|Bonnie Bedelia|William Sadler|William Atherton,USA,4-Jul-90,Twentieth Century Fox|Gordon Company|Silver Pictures,1990,July
132,Die Hard With a Vengeance,R,Action|Adventure|Thriller,7.8,128 min,John McTiernan,Samuel L. Jackson|Bruce Willis|Graham Greene|Jeremy Irons,USA,19-May-95,Cinergi Pictures Entertainment|Twentieth Century Fox,1995,May
133,Dinner for Schmucks,PG13,Comedy,6.95,114 min,Jay Roach,Paul Rudd|Jemaine Clement|Steve Carell|Stephanie Szostak|Zach Galifianakis,USA,30-Jul-10,Paramount Pictures|DreamWorks|Spyglass Entertainment,2010,July
134,Dirty Dancing,PG13,Drama|Romance|Music|Musical,7.45,100 min,Emile Ardolino,Jennifer Grey|Patrick Swayze|Jerry Orbach|Cynthia Rhodes,USA,21-Aug-87,Great American Films Limited Partnership|Vestron Pictures,1987,August
135,Dirty Harry,R,Action|Thriller|Crime,8.9,102 min,Don Siegel,Reni Santoni|Andrew Robinson|Harry Guardino|John Vernon|Clint Eastwood,USA,23-Dec-71,"Warner Bros.|Malpaso Company, The",1971,December
136,District 9,R,Science Fiction|Sci-Fi|Thriller,8.5,112 min,Neill Blomkamp,Sharlto Copley|David James|Jason Cope|Vanessa Haywood|Mandla Gaduka,South Africa|South Africa|South Africa|South Africa,14-Aug-09,TriStar Pictures|Block / Hanson|WingNut Films,2009,August
137,Doctor Zhivago,PG13,Drama|Romance|Epic|War,9,197 min,David Lean,Omar Sharif|Geraldine Chaplin|Julie Christie|Tom Courtenay,USA|USA|USA,31-Dec-65,Metro-Goldwyn-Mayer (MGM)|Carlo Ponti Production|Sostar S.A.,1965,December
138,Dog Soldiers,R,Action|Horror|Thriller,6.9,105 min,Neil Marshall,Liam Cunningham|Kevin McKidd|Emma Cleasby|Sean Pertwee,UK|UK|UK,10-May-02,"Kismet Entertainment Group|The Noel Gay Motion Picture Company|Carousel Picture Company, The",2002,May
139,Don Jon,R,Drama|Romance|Comedy|Comedy Drama,7.8,90 min,Joseph Gordon-Levitt,Julianne Moore|Joseph Gordon-Levitt|Tony Danza|Scarlett Johansson,USA,27-Sep-13,Voltage Pictures|hitRECord|HitRecord Films,2013,September
140,Don't Breathe,R,Horror|Thriller|Crime,7.55,88 min,Fede Alvarez,Stephen Lang|Dylan Minnette|Daniel Zovatto|Jane Levy,USA,26-Aug-16,Screen Gems|Stage 6 Films|Ghost House Pictures,2016,August
141,Don't Look Now,R,Drama|Horror|Thriller,8.15,110 min,Nicolas Roeg,Donald Sutherland|Clelia Matania|Hilary Mason|Julie Christie,UK|UK,January 1974 (USA),Casey Productions|Eldorado Films|D.L.N. Ventures Partnership,1974,
142,Donnie Darko,R,Drama|Fantasy|Sci-Fi|Comedy Drama|Thriller,8.05,113 min,Richard Kelly,Jena Malone|Jake Gyllenhaal|Mary McDonnell|Holmes Osborne,USA,26-Oct-01,Pandora Cinema|Flower Films (II)|Adam Fields Productions,2001,October
143,Dr. No,PG,Action|Adventure|Thriller,7.65,110 min,Terence Young,Joseph Wiseman|Ursula Andress|Jack Lord|Sean Connery|Bernard Lee,UK,7-Oct-62,Eon Productions,1962,October
144,Dr. Strangelove or: How I Learned to Stop Worrying and Love the Bomb,PG,Comedy|War,9.25,95 min,Stanley Kubrick,Sterling Hayden|Keenan Wynn|George C. Scott|Peter Sellers,USA|USA,29-Jan-64,Columbia Pictures Corporation|Hawk Films,1964,January
145,Drag Me to Hell,PG13,Horror|Thriller,7.8,99 min,Sam Raimi,Lorna Raver|Alison Lohman|David Paymer|Justin Long|Ruth Livier,USA,29-May-09,Universal Pictures|Ghost House Pictures|Buckaroo Entertainment,2009,May
146,Drive,R,Drama|Thriller|Crime,7.9,100 min,Nicolas Winding Refn,Albert Brooks|Carey Mulligan|Ryan Gosling|Bryan Cranston,USA,16-Sep-11,FilmDistrict|Bold Films|MWM (MadisonWellsMedia),2011,September
147,Dumb and Dumber,PG13,Comedy,7.65,107 min,Bobby Farrelly|Peter Farrelly,Teri Garr|Lauren Holly|Jim Carrey|Jeff Daniels,USA,21-Dec-94,New Line Cinema|Motion Picture Corporation of America (MPCA),1994,December
148,Dune,PG13,Action|Science Fiction|Adventure|Sci-Fi,6.3,137 min,David Lynch,Linda Hunt|Virginia Madsen|Leo Cimino|Francesca Annis|Kyle MacLachlan|Brad Dourif,USA,14-Dec-84,Dino De Laurentiis Company,1984,December
149,Dunkirk,PG13,Drama|Action|Historical Film|War|History,8.5,106 min,Christopher Nolan,Harry Styles|Aneurin Barnard|Fionn Whitehead|Tom Hardy|Barry Keoghan|Jack Lowden|Mark Rylance,Netherlands|Netherlands|Netherlands|Netherlands,21-Jul-17,Syncopy|Warner Bros.|Dombey Street Productions,2017,July
150,E.T. The Extra-Terrestrial,PG,Science Fiction|Children's/Family|Sci-Fi|Family,8.95,115 min,Steven Spielberg,Drew Barrymore|Dee Wallace|Robert MacNaughton|Peter Coyote|Henry Thomas,USA,11-Jun-82,Universal Pictures|Amblin Entertainment,1982,June
151,Earth Girls Are Easy,PG,Romance|Science Fiction|Comedy|Musical,5.65,100 min,Julien Temple,Julie Brown|Geena Davis|Jeff Goldblum|Jim Carrey,UK|UK|UK,12-May-89,De Laurentiis Entertainment Group (DEG)|Earth Girls|Kestrel Films,1989,May
152,Eastern Promises,R,Drama|Mystery|Thriller|Crime,7.85,100 min,David Cronenberg,Naomi Watts|Armin Mueller-Stahl|Vincent Cassel|Viggo Mortensen,UK|UK|UK,21-Sep-07,Kudos Film and Television|BBC Films|Serendipity Point Films,2007,September
153,Edge of Tomorrow,PG13,Action|Science Fiction|Adventure|Sci-Fi,7.45,113 min,Doug Liman,Emily Blunt|Bill Paxton|Jonas Armstrong|Tom Cruise,USA|USA,6-Jun-14,Warner Bros.|Village Roadshow Pictures|RatPac-Dune Entertainment,2014,June
154,Edward Scissorhands,PG13,Drama|Fantasy|Romance,7.95,105 min,Tim Burton,Winona Ryder|Dianne Wiest|Anthony Michael Hall|Johnny Depp,USA,14-Dec-90,Twentieth Century Fox,1990,December
155,Election,R,Drama|Romance|Comedy,8.15,103 min,Alexander Payne,Chris Klein|Matthew Broderick|Jessica Campbell|Reese Witherspoon,USA,7-May-99,Bona Fide Productions|MTV Films|Paramount Pictures,1999,May
156,Elle,R,Drama|Thriller|Crime,8.1,130 min,Paul Verhoeven,Anne Consigny|Charles Berling|Isabelle Huppert|Laurent Lafitte,France|France|France,11-Nov-16,SBS Productions|Twenty Twenty Vision Filmproduktion GmbH|France 2 Cinma,2016,November
157,Elysium,R,Action|Drama|Sci-Fi|Science Fiction,7.3,109 min,Neill Blomkamp,Matt Damon|Jodie Foster|Sharlto Copley|Alice Braga,USA,9-Aug-13,TriStar Pictures|Media Rights Capital (MRC)|QED International,2013,August
158,Enter the Dragon,R,Action|Drama|Crime,8.35,102 min,Robert Clouse,John Saxon|Bruce Lee|Shih Kien|Jim Kelly,Hong Kong|Hong Kong,19-Aug-73,Warner Bros.|Concord Productions,1973,August
159,Equilibrium,R,Action|Drama|Sci-Fi|Science Fiction,6.75,107 min,Kurt Wimmer,Sean Bean|Angus MacFadyen|Emily Watson|Christian Bale|Taye Diggs,USA,6-Dec-02,Dimension Films|Blue Tulip Productions,2002,December
160,Escape from New York,R,Action|Science Fiction|Sci-Fi,8.1,99 min,John Carpenter,Donald Pleasence|Lee Van Cleef|Ernest Borgnine|Kurt Russell,UK|UK,10-Jul-81,Embassy Pictures|International Film Investors|Goldcrest Films International,1981,July
161,Eternal Sunshine of the Spotless Mind,R,Drama|Romance|Comedy Drama|Sci-Fi|Science Fiction,8.65,108 min,Michel Gondry,Mark Ruffalo|Tom Wilkinson|Jim Carrey|Kate Winslet,USA,19-Mar-04,Focus Features|Anonymous Content|This Is That Productions,2004,March
162,Europa Report,PG13,Drama|Mystery|Sci-Fi|Thriller|Science Fiction,6.75,90 min,Sebastian Cordero|Sebastin Cordero,Sharlto Copley|Anamaria Marinca|Christian Camargo|Embeth Davidtz|Michael Nyqvist,USA,27-Jun-13,Wayfare Entertainment|Misher Films|Start Motion Pictures,2013,June
163,Everest,PG13,Action|Drama|Adventure,7.55,121 min,Baltasar Kormkur,Ang Phula Sherpa|Jason Clarke|John Hawkes|Jake Gyllenhaal|Thomas M. Wright|Josh Brolin,UK|UK|UK,25-Sep-15,Working Title Films|RVK Studios|Walden Media,2015,September
164,Ex Machina,R,Drama|Mystery|Sci-Fi|Thriller|Science Fiction,8.35,108 min,Alex Garland,Alicia Vikander|Domhnall Gleeson|Claire Selby|Oscar Isaac,UK,24-Apr-15,Universal Pictures International (UPI)|Film4|DNA Films,2015,April
165,Excalibur,PG,Drama|Fantasy|Adventure,7.7,140 min,John Boorman,Nicholas Clay|Nicol Williamson|Helen Mirren|Nigel Terry,USA,10-Apr-81,Orion Pictures,1981,April
166,Face/Off,R,Action|Sci-Fi|Crime,7.65,138 min,John Woo,Nicolas Cage|John Travolta|Alessandro Nivola|Joan Allen,USA,27-Jun-97,Permut Presentations|Touchstone Pictures|Paramount Pictures,1997,June
167,Falling Down,R,Drama|Thriller|Crime,7.3,113 min,Joel Schumacher,Barbara Hershey|Rachel Ticotin|Michael Douglas|Robert Duvall,France|France|France,26-Feb-93,Alcor Films|Canal+|Regency Enterprises,1993,February
168,Fantastic Voyage,PG,Science Fiction|Adventure|Family|Sci-Fi,6.9,100 min,Richard Fleischer,Stephen Boyd|Donald Pleasence|Edmond O'Brien|Raquel Welch,USA,14-Oct-66,Twentieth Century Fox,1966,October
169,Fast Times at Ridgemont High,R,Drama|Comedy,8.6,90 min,Amy Heckerling,Robert Romanus|Sean Penn|Judge Reinhold|Jennifer Jason Leigh,USA,13-Aug-82,Universal Pictures|Refugee Films,1982,August
170,Fatal Attraction,R,Drama|Thriller,6.95,119 min,Adrian Lyne,Anne Archer|Glenn Close|Fred Gwynne|Michael Douglas,USA,18-Sep-87,Paramount Pictures,1987,September
171,Final Destination,R,Horror|Thriller,6.35,98 min,James Wong,Ali Larter|Chad E. Donella|Amanda Detmer|Kerr Smith|Devon Sawa,USA,17-Mar-00,New Line Cinema|Zide-Perry Productions|Hard Eight Pictures,2000,March
172,Final Destination 2,R,Mystery|Fantasy|Horror,6.6,90 min,David R. Ellis,Ali Larter|Tony Todd|Jonathan Cherry|Michael Landes|A.J. Cook,USA|USA,31-Jan-03,New Line Cinema|Zide-Perry Productions,2003,January
173,Final Destination 5,R,Mystery|Fantasy|Horror,5.95,92 min,Steven Quale,Miles Fisher|Nicholas D'Agosto|Ellen Wroe|Emma Bell|Arlen Escarpeta,USA|USA|USA|USA,12-Aug-11,New Line Cinema|Practical Pictures|Parallel Zide,2011,August
174,Finding Dory,PG,Action|Children's/Family|Comedy|Animation|Adventure,7.65,97 min,Angus MacLane|Andrew Stanton,Ed O'Neill|Ellen DeGeneres|Kaitlin Olson|Albert Brooks,USA,17-Jun-16,Pixar Animation Studios|Walt Disney Pictures,2016,June
175,Finding Neverland,PG,Drama|Biography|Family,7.85,106 min,Marc Forster,Johnny Depp|Radha Mitchell|Kate Winslet|Julie Christie,USA|USA,17-Dec-04,Miramax|FilmColony|Keylight Productions,2004,December
176,Flash Gordon,PG,Fantasy|Adventure|Science Fiction|Action|Comedy|Sci-Fi,6.25,111 min,Mike Hodges,Max von Sydow|Sam Jones|Sam J. Jones|Melody Anderson|Topol,UK|UK|UK,5-Dec-80,Starling Films|Dino De Laurentiis Company|Famous Films (II),1980,December
177,Flight of the Navigator,PG,Science Fiction|Adventure|Family|Children's/Family|Sci-Fi,6.45,90 min,Randal Kleiser,Sarah Jessica Parker|Veronica Cartwright|Cliff De Young|Paul Reubens|Joey Cramer,USA,1-Aug-86,Walt Disney Pictures|Producers Sales Organization (PSO)|New Star Entertainment,1986,August
178,Forbidden Planet,G,Action|Science Fiction|Adventure|Sci-Fi,8.35,98 min,Fred M. Wilcox|Fred Wilcox,Leslie Nielsen|Anne Francis|Warren Stevens|Walter Pidgeon,USA,22-Aug-56,Metro-Goldwyn-Mayer (MGM),1956,August
179,Forrest Gump,PG13,Drama|Romance|Comedy Drama,8.9,142 min,Robert Zemeckis,Tom Hanks|Robin Wright|Gary Sinise|Mykelti Williamson,USA,6-Jul-94,Paramount Pictures,1994,July
180,Four Weddings and a Funeral,R,Drama|Romance|Comedy,8.05,117 min,Mike Newell,Hugh Grant|Andie MacDowell|Kristin Scott Thomas|Simon Callow|James Fleet,UK,15-Apr-94,PolyGram Filmed Entertainment|Channel Four Films|Working Title Films,1994,April
181,Freaks,NOT RATED,Drama|Horror|Thriller,8.95,64 min,Tod Browning,Wallace Ford|Olga Baclanova|Roscoe Ates|Leila Hyams,USA,20-Feb-32,Metro-Goldwyn-Mayer (MGM),1932,February
182,Freaky Friday,PG,Fantasy|Comedy|Family,7.1,97 min,Mark Waters|Mark S. Waters,Harold Gould|Lindsay Lohan|Jamie Lee Curtis|Mark Harmon,USA,6-Aug-03,Casual Friday Productions|Gunn Films|Walt Disney Pictures,2003,August
183,Fright Night,R,Horror|Thriller,7.55,106 min,Tom Holland,Amanda Bearse|Roddy McDowall|William Ragsdale|Chris Sarandon,USA,2-Aug-85,Columbia Pictures|Vistar Films|Columbia Pictures Industries,1985,August
184,From Russia With Love,PG,Action|Adventure|Thriller,8.25,115 min,Terence Young,Daniela Bianchi|Robert Shaw|Pedro Armendriz|Lotte Lenya|Sean Connery,UK,27-May-64,Eon Productions,1964,May
185,Galaxy Quest,PG,Science Fiction|Comedy|Adventure|Sci-Fi,7.15,102 min,Dean Parisot,Tim Allen|Alan Rickman|Sigourney Weaver|Tony Shalhoub,USA,25-Dec-99,DreamWorks|Gran Via Productions,1999,December
186,Gattaca,PG13,Drama|Science Fiction|Sci-Fi|Thriller,7.4,106 min,Andrew Niccol,Ethan Hawke|Jude Law|Alan Arkin|Uma Thurman,USA,24-Oct-97,Columbia Pictures Corporation|Jersey Films,1997,October
187,Get Out,R,Mystery|Horror|Thriller,7.85,104 min,Jordan Peele,Allison Williams|Caleb Landry Jones|Stephen Root|Daniel Kaluuya|Bradley Whitford,Japan|Japan,24-Feb-17,Universal Pictures|Blumhouse Productions|QC Entertainment,2017,February
188,Ghost,PG13,Drama|Fantasy|Romance,7.5,127 min,Jerry Zucker,Tony Goldwyn|Patrick Swayze|Demi Moore|Whoopi Goldberg,USA,13-Jul-90,Paramount Pictures,1990,July
189,Godzilla,PG13,Action|Science Fiction|Adventure|Sci-Fi,6.2,123 min,Gareth Edwards,Elizabeth Olsen|Bryan Cranston|David Strathairn|Aaron Taylor-Johnson,USA|USA,16-May-14,Warner Bros.|Legendary Entertainment|Disruption Entertainment,2014,May
190,Goldfinger,PG,Action|Adventure|Thriller,8.85,110 min,Guy Hamilton,Gert Frbe|Honor Blackman|Shirley Eaton|Harold Sakata|Sean Connery,UK,9-Jan-65,Eon Productions,1965,January
191,Gone Baby Gone,R,Drama|Mystery|Thriller|Crime,7.35,114 min,Ben Affleck,Ed Harris|Casey Affleck|Morgan Freeman|Michelle Monaghan,USA,19-Oct-07,"LivePlanet|Miramax|Ladd Company, The",2007,October
192,Gone Girl,R,Drama|Mystery|Thriller|Crime,8.05,149 min,David Fincher,Neil Patrick Harris|Ben Affleck|Tyler Perry|Rosamund Pike,USA,3-Oct-14,Twentieth Century Fox|Regency Enterprises|TSG Entertainment,2014,October
193,Good Will Hunting,R,Drama,8.15,126 min,Gus Van Sant,Robin Williams|Matt Damon|Ben Affleck|Minnie Driver,USA,9-Jan-98,Be Gentlemen Limited Partnership|Lawrence Bender Productions|Miramax,1998,January
194,Goosebumps,PG,Action|Horror|Comedy|Adventure|Family,6.15,103 min,Rob Letterman,Jack Black|Amy Ryan|Odeya Rush|Dylan Minnette,USA|USA,16-Oct-15,Columbia Pictures|Expedition Films|LStar Capital,2015,October
195,Grave of the Fireflies,NOT RATED,Drama|Animation|War,9.25,89 min,Isao Takahata,Akemi Yamaguchi|Tsutomu Tatsumi|Ayano Shiraishi,Japan,16-Apr-88,Shinchosha Company|Studio Ghibli,1988,April
196,Gravity,PG13,Drama|Science Fiction|Sci-Fi|Thriller,8.4,91 min,Alfonso Cuarn,Sandra Bullock|Ed Harris|George Clooney,UK|UK,4-Oct-13,Warner Bros.|Esperanto Filmoj|Heyday Films,2013,October
197,Green Room,R,Horror|Thriller|Crime,7.5,95 min,Jeremy Saulnier,Alia Shawkat|Patrick Stewart|Anton Yelchin|Imogen Poots,USA,13-May-16,Broad Green Pictures|Film Science,2016,May
198,Gremlins,PG,Fantasy|Horror|Comedy,7.1,106 min,Joe Dante,Zach Galligan|Hoyt Axton|Phoebe Cates|Frances Lee McCain,USA,8-Jun-84,Warner Bros.|Amblin Entertainment,1984,June
199,Grindhouse,R,Action|Horror|Thriller,7.8,191 min,Robert Rodriguez|Quentin Tarantino|Eli Roth,Marley Shelton|Rose McGowan|Danny Trejo|Kurt Russell|Freddy Rodriguez|Josh Brolin,USA,6-Apr-07,Dimension Films|Big Talk Productions|Dartmouth International,2007,April
200,Groundhog Day,PG,Romance|Fantasy|Comedy,8.5,101 min,Harold Ramis,Andie MacDowell|Bill Murray|Stephen Tobolowsky|Chris Elliott,USA,12-Feb-93,Columbia Pictures Corporation,1993,February
201,Guardians of the Galaxy Vol. 2,PG13,Action|Science Fiction|Adventure|Sci-Fi,7.35,136 min,James Gunn,Vin Diesel|Dave Bautista|Bradley Cooper|Chris Pratt|Zoe Saldana,USA|USA|USA,5-May-17,Marvel Studios|Walt Disney Pictures,2017,May
202,"Hail, Caesar!",PG13,Mystery|Comedy,7.15,106 min,Joel Coen|Ethan Coen,Tilda Swinton|Ralph Fiennes|Alden Ehrenreich|George Clooney|Josh Brolin,UK|UK|UK,5-Feb-16,Universal Pictures|Working Title Films|Mike Zoss Productions,2016,February
203,Hanna,PG13,Action|Drama|Thriller,6.9,111 min,Joe Wright,Tom Hollander|Eric Bana|Olivia Williams|Cate Blanchett|Saoirse Ronan,USA|USA|USA,8-Apr-11,Focus Features|Holleran Company|Sechzehnte Babelsberg Film,2011,April
204,Happy Death Day,PG13,Mystery|Horror|Thriller,6.75,96 min,Christopher Landon,Jessica Rothe|Israel Broussard|Laura Clifton|Ruby Modine,USA,13-Oct-17,Blumhouse Productions|Digital Riot Media|Vesuvius Productions,2017,October
205,Hard Candy,R,Drama|Thriller|Crime,7.05,104 min,David Slade,Sandra Oh|Odessa Rae|Patrick Wilson|Ellen Page,USA,28-Apr-06,Lions Gate Films|Vulcan Productions|Launchpad Productions,2006,April
206,"Harry Potter and the Deathly Hallows, Part 2",PG13,Drama|Fantasy|Children's/Family|Adventure,8.05,130 min,David Yates,Rupert Grint|Helena Bonham Carter|Daniel Radcliffe|Emma Watson,USA|USA,15-Jul-11,Warner Bros.|Heyday Films|Moving Picture Company (MPC),2011,July
207,Haywire,R,Action|Spy Film|Thriller,6.4,93 min,Steven Soderbergh,Ewan McGregor|Gina Carano|Michael Fassbender|Michael Douglas,Ireland|Ireland,20-Jan-12,Relativity Media|Irish Film Board,2012,January
208,Heat,R,Drama|Action|Thriller|Crime,8.1,170 min,Michael Mann,Al Pacino|Jon Voight|Val Kilmer|Robert De Niro,USA,15-Dec-95,Warner Bros.|Regency Enterprises|Forward Pass,1995,December
209,Heathers,R,Comedy,7.65,103 min,Michael Lehmann,Winona Ryder|Shannen Doherty|Christian Slater|Lisanne Falk,USA,31-Mar-89,New World Pictures|Cinemarque Entertainment,1989,March
210,Hell or High Water,R,Drama|Action|Thriller|Crime,8.3,102 min,David Mackenzie,Ben Foster|Dale Dickey|William Sterchi|Chris Pine|Jeff Bridges,USA,26-Aug-16,Sidney Kimmel Entertainment|MWM (MadisonWellsMedia)|Film 44,2016,August
211,Hellboy,PG13,Action|Fantasy|Horror,6.95,122 min,Guillermo del Toro,John Hurt|Ron Perlman|Doug Jones|Rupert Evans|Selma Blair,USA,2-Apr-04,Revolution Studios|Lawrence Gordon Productions|Starlite Films,2004,April
212,Hellboy II: The Golden Army,PG13,Action|Fantasy|Adventure,7.5,120 min,Guillermo del Toro,Luke Goss|Ron Perlman|Doug Jones|Selma Blair,USA|USA,11-Jul-08,Universal Pictures|Dark Horse Entertainment|Internationale Filmproduktion Eagle,2008,July
213,Hellraiser,R,Horror|Thriller,7,94 min,Clive Barker,Clare Higgins|Ashley Laurence|Sean Chapman|Andrew Robinson,UK,18-Sep-87,Cinemarque Entertainment BV|Film Futures|Rivdel Films,1987,September
214,Her,R,Drama|Romance|Sci-Fi|Science Fiction,8.5,126 min,Spike Jonze,Joaquin Phoenix|Amy Adams|Rooney Mara|Scarlett Johansson,USA,10-Jan-14,Annapurna Pictures,2014,January
215,Hot Fuzz,R,Action|Comedy,7.95,121 min,Edgar Wright,Jim Broadbent|Paddy Considine|Simon Pegg|Nick Frost|Martin Freeman,UK|UK,20-Apr-07,StudioCanal|Working Title Films|Big Talk Productions,2007,April
216,In the Heart of the Sea,PG13,Action|Drama|Adventure|Biography,7.95,122 min,Ron Howard,Brendan Gleeson|Chris Hemsworth|Benjamin Walker|Cillian Murphy|Ben Whishaw,USA|USA|USA,11-Dec-15,Warner Bros.|Village Roadshow Pictures|RatPac-Dune Entertainment,2015,December
217,Incendies,R,Drama|Mystery|War,8.1,131 min,Denis Villeneuve,Mlissa Dsormeaux-Poulin|Maxim Gaudette|Lubna Azabal|Abdelghafour Elaaziz,Canada|Canada,12-Jan-11,micro_scope|TS Productions|Phi Group,2011,January
218,Inception,PG13,Action|Science Fiction|Adventure|Sci-Fi,8.4,148 min,Christopher Nolan,Joseph Gordon-Levitt|Leonardo DiCaprio|Tom Hardy|Ellen Page,USA|USA,16-Jul-10,Warner Bros.|Legendary Entertainment|Syncopy,2010,July
219,Innerspace,PG,Action|Science Fiction|Comedy|Adventure,6.9,120 min,Joe Dante,Martin Short|Kevin McCarthy|Meg Ryan|Dennis Quaid,USA,1-Jul-87,"Warner Bros.|Guber-Peters Company, The|Amblin Entertainment",1987,July
220,Interstellar,PG13,Drama|Science Fiction|Adventure|Sci-Fi,8.3,169 min,Christopher Nolan,Matthew McConaughey|Michael Caine|Anne Hathaway|Jessica Chastain,USA|USA,7-Nov-14,Paramount Pictures|Warner Bros.|Legendary Entertainment,2014,November
221,Into the Wild,R,Drama|Adventure|Biography,8.05,148 min,Sean Penn,Vince Vaughn|Marcia Gay Harden|Jena Malone|Emile Hirsch|William Hurt|Catherine Keener,USA,19-Oct-07,Paramount Vantage|Art Linson Productions|Into the Wild,2007,October
222,Invasion of the Body Snatchers,PG,Science Fiction|Horror|Sci-Fi,7.2,115 min,Philip Kaufman,Leonard Nimoy|Veronica Cartwright|Donald Sutherland|Jeff Goldblum|Brooke Adams,USA,22-Dec-78,Solofilm,1978,December
223,Iron Man,PG13,Action|Adventure|Sci-Fi,7.95,126 min,Jon Favreau,"Robert Downey Jr.|Terrence Howard|Gwyneth Paltrow|Jeff Bridges|Robert Downey, Jr.",USA,2-May-08,Paramount Pictures|Marvel Enterprises|Marvel Studios,2008,May
224,Iron Man 2,PG13,Action|Adventure|Sci-Fi,7.5,124 min,Jon Favreau,"Don Cheadle|Mickey Rourke|Robert Downey Jr.|Gwyneth Paltrow|Robert Downey, Jr.|Scarlett Johansson",USA,7-May-10,Paramount Pictures|Marvel Entertainment|Marvel Studios,2010,May
225,It Follows,R,Mystery|Horror,7.4,100 min,David Robert Mitchell,Jake Weary|Olivia Luccardi|Keir Gilchrist|Maika Monroe|Daniel Zovatto,USA,27-Mar-15,Northern Lights Films|Animal Kingdom|Two Flints,2015,March
226,It's a Wonderful Life,PG,Drama|Fantasy|Comedy Drama|Family,9.3,130 min,Frank Capra,Lionel Barrymore|Thomas Mitchell|James Stewart|Donna Reed,USA,7-Jan-47,Liberty Films (II),1947,January
227,Jaws,PG,Drama|Adventure|Thriller,9,124 min,Steven Spielberg,Roy Scheider|Lorraine Gary|Richard Dreyfuss|Robert Shaw,USA,20-Jun-75,Zanuck/Brown Productions|Universal Pictures,1975,June
228,Jaws 2,PG,Drama|Horror|Adventure,5.85,116 min,Jeannot Szwarc,Roy Scheider|Lorraine Gary|Joe Mascolo|Murray Hamilton,USA,16-Jun-78,Universal Pictures,1978,June
229,Jennifer's Body,R,Horror|Comedy,6.1,102 min,Karyn Kusama,Amanda Seyfried|Adam Brody|Megan Fox|Sal Cortez,USA,18-Sep-09,Fox Atomic|Dune Entertainment,2009,September
230,Jerry Maguire,R,Drama|Romance|Comedy|Comedy Drama,7.65,139 min,Cameron Crowe,"Cuba Gooding Jr.|Cuba Gooding, Jr.|Rene Zellweger|Tom Cruise|Kelly Preston",USA,13-Dec-96,TriStar Pictures|Gracie Films,1996,December
231,JFK,R,Drama|Thriller|History,8,189 min,Oliver Stone,Gary Oldman|Kevin Costner|Sissy Spacek|Tommy Lee Jones|Joe Pesci|Jack Lemmon,France|France,20-Dec-91,Warner Bros.|Canal+|Regency Enterprises,1991,December
232,John Wick: Chapter 2,R,Action|Thriller|Crime,7.75,122 min,Chad Stahelski,Ian McShane|Keanu Reeves|Common|Laurence Fishburne|Riccardo Scamarcio,USA|USA,10-Feb-17,Summit Entertainment|TIK Films|Thunder Road Pictures,2017,February
233,John Wick: Chapter 2,,Action|Thriller|Crime,,0 min,Chad Stahelski,Ian McShane|Keanu Reeves|Common|Riccardo Scamarcio|Laurence Fishburne|Ruby Rose,USA,17-May-19,Lionsgate|Thunder Road Pictures,2019,May
234,Jumanji: Welcome to the Jungle,PG13,Action|Fantasy|Comedy|Adventure,7,119 min,Jake Kasdan,Jack Black|Karen Gillan|Kevin Hart|Dwayne Johnson,USA,20-Dec-17,Matt Tolmach Productions|Radar Pictures|Seven Bucks Productions,2017,December
235,Jurassic Park,PG13,Science Fiction|Adventure|Thriller|Sci-Fi,8.55,127 min,Steven Spielberg,Sam Neill|Jeff Goldblum|Laura Dern|Richard Attenborough,USA,11-Jun-93,Universal Pictures|Amblin Entertainment,1993,June
236,Jurassic Park III,PG13,Action|Science Fiction|Adventure|Thriller|Sci-Fi,5.95,92 min,Joe Johnston,William H. Macy|Ta Leoni|Sam Neill|Alessandro Nivola,USA,18-Jul-01,Universal Pictures|Amblin Entertainment,2001,July
237,Jurassic World,PG13,Science Fiction|Adventure|Action|Thriller|Sci-Fi,8,124 min,Colin Trevorrow,Bryce Dallas Howard|Vincent D'Onofrio|Chris Pratt|Ty Simpkins,USA,12-Jun-15,Universal Pictures|Amblin Entertainment|Legendary Entertainment,2015,June
238,Kick-Ass,R,Action|Comedy,7.8,117 min,Matthew Vaughn,Nicolas Cage|Aaron Taylor-Johnson|Christopher Mintz-Plasse|Chlo Grace Moretz|Mark Strong,UK|UK,16-Apr-10,Marv Films|Plan B Entertainment,2010,April
239,Kill Bill: Vol. 1,R,Action|Thriller|Crime,8.05,111 min,Quentin Tarantino,Vivica A. Fox|Daryl Hannah|David Carradine|Lucy Liu|Uma Thurman,USA|USA,10-Oct-03,Miramax|A Band Apart|Super Cool ManChu,2003,October
240,Kill Bill: Vol. 2,R,Action|Thriller|Crime,8,137 min,Quentin Tarantino,Michael Madsen|Daryl Hannah|David Carradine|Uma Thurman,USA,16-Apr-04,Miramax|A Band Apart|Super Cool ManChu,2004,April
241,Killer Joe,R,Drama|Comedy|Thriller|Crime,7.35,102 min,William Friedkin,Matthew McConaughey|Thomas Haden Church|Juno Temple|Emile Hirsch,USA,29-Jun-12,Voltage Pictures|Picture Perfect Corporation|Worldview Entertainment,2012,June
242,Knight of Cups,R,Drama|Romance,6.85,118 min,Terrence Malick,Natalie Portman|Isabel Lucas|Christian Bale|Cate Blanchett,USA,4-Mar-16,Dogwood Films|Waypoint Entertainment,2016,March
243,Knocked Up,R,Romance|Comedy,7.5,129 min,Judd Apatow,Paul Rudd|Leslie Mann|Katherine Heigl|Seth Rogen,USA,1-Jun-07,Universal Pictures|Apatow Productions,2007,June
244,Kong: Skull Island,PG13,Fantasy|Adventure|Action,7.35,118 min,Jordan Vogt-Roberts,John Goodman|Samuel L. Jackson|Tom Hiddleston|Brie Larson,USA|USA,10-Mar-17,Warner Bros.|Legendary Entertainment|Tencent Pictures,2017,March
245,Kramer vs. Kramer,PG,Drama,7.9,105 min,Robert Benton,Justin Henry|Jane Alexander|Dustin Hoffman|Meryl Streep,USA,19-Dec-79,Columbia Pictures|Stanley Jaffe Production,1979,December
246,La Femme Nikita,R,Action|Thriller,7.7,117 min,Luc Besson,Anne Parillaud|Jean Reno|Patrick Fontana|Jeanne Moreau|Jean-Hugues Anglade|Marc Duret,France|France,April 1991 (USA),Gaumont|Les Films du Loup|Cecchi Gori Group Tiger Cinematografica,1991,
247,La La Land,PG13,Drama|Comedy|Music|Musical,9.05,128 min,Damien Chazelle,Rosemarie DeWitt|J.K. Simmons|Ryan Gosling|John Legend|Emma Stone,USA|USA,25-Dec-16,Summit Entertainment|Black Label Media|TIK Films,2016,December
248,La Vie en Rose,PG13,Drama|Music|Biography,7.8,140 min,Olivier Dahan,Marion Cotillard|Sylvie Testud|Emmanuelle Seigner|Pascal Greggory,France|France|France,20-Jul-07,Lgende Films|TF1 International|TF1 Films Production,2007,July
249,Ladyhawke,PG13,Drama|Fantasy|Comedy|Adventure,7,121 min,Richard Donner,Matthew Broderick|Leo McKern|Michelle Pfeiffer|Rutger Hauer,USA,12-Apr-85,Twentieth Century Fox|Warner Bros.,1985,April
250,Last Tango in Paris,NC17,Drama|Romance,8.55,129 min,Bernardo Bertolucci,Marlon Brando|Maria Michi|Maria Schneider|Jean-Pierre Laud,France|France,7-Feb-73,Les Productions Artistes Associs|Produzioni Europee Associate (PEA),1973,February
251,Leaving Las Vegas,R,Drama|Romance,8.3,111 min,Mike Figgis,Nicolas Cage|Julian Sands|Elisabeth Shue|Richard Lewis,France|France|France,9-Feb-96,"Lumiere Pictures|Lila Cazs Production, A|Initial Productions",1996,February
252,Let Me In,R,Drama|Fantasy|Horror,7.55,116 min,Matt Reeves,Kodi Smit-McPhee|Chlo Grace Moretz|Richard Jenkins|Elias Koteas,UK|UK,1-Oct-10,Overture Films|Exclusive Media Group|Hammer Films,2010,October
253,Let the Right One In,R,Drama|Romance|Horror,7.95,115 min,Tomas Alfredson,Kre Hedebrant|Per Ragnar|Henrik Dahl|Lina Leandersson,Sweden,12-Dec-08,EFTI|Sandrew Metronome Distribution Sverige AB|Filmpool Nord,2008,December
254,Lethal Weapon,R,Action|Thriller|Crime,7.8,110 min,Richard Donner,Danny Glover|Mitchell Ryan|Gary Busey|Mel Gibson,USA,6-Mar-87,Warner Bros.|Silver Pictures,1987,March
255,Lethal Weapon 2,R,Action|Thriller|Crime,7.6,114 min,Richard Donner,Danny Glover|Joe Pesci|Joss Ackland|Mel Gibson,USA,7-Jul-89,Warner Bros.|Silver Pictures,1989,July
256,Lethal Weapon 2,R,Action|Thriller|Crime,7.3,127 min,Richard Donner,Danny Glover|Joe Pesci|Joss Ackland|Mel Gibson,USA,10-Jul-98,Warner Bros.|Silver Pictures|Donner/Shuler-Donner Productions,1998,July
257,Lights Out,PG13,Horror,6.15,81 min,David F. Sandberg,Teresa Palmer|Maria Bello|Billy Burke|Gabriel Bateman|Alexander DiPersia,USA,22-Jul-16,New Line Cinema|RatPac-Dune Entertainment|Grey Matter Productions,2016,July
258,Lilo & Stitch,PG,Children's/Family|Comedy|Animation|Adventure,7.6,85 min,Dean DeBlois|Chris Sanders,Daveigh Chase|David Ogden Stiers|Chris Sanders|Tia Carrere,USA,21-Jun-02,Walt Disney Pictures|Walt Disney Feature Animation Florida|Walt Disney Feature Animation,2002,June
259,Limitless,PG13,Mystery|Science Fiction|Sci-Fi|Thriller,6.7,105 min,Neil Burger,Andrew Howard|Anna Friel|Abbie Cornish|Bradley Cooper|Robert De Niro,USA,18-Mar-11,Relativity Media|Virgin Produced|Rogue,2011,March
260,Little Children,R,Drama|Romance,7.75,136 min,Todd Field,Jennifer Connelly|Patrick Wilson|Jackie Earle Haley|Kate Winslet,USA,9-Feb-07,New Line Cinema|Bona Fide Productions|Standard Film Company,2007,February
261,Little Shop of Horrors,PG13,Family|Horror|Comedy|Musical,7.45,94 min,Frank Oz,Vincent Gardenia|Rick Moranis|Ellen Greene|Steve Martin,USA,19-Dec-86,"Geffen Company, The",1986,December
262,Little Women,PG,Drama|Romance|Family,7.65,115 min,Gillian Armstrong,Winona Ryder|Susan Sarandon|Kirsten Dunst|Gabriel Byrne|Samantha Mathis|Trini Alvarado,USA|USA,25-Dec-94,Columbia Pictures Corporation|DiNovi Pictures,1994,December
263,Locke,R,Drama,8.05,85 min,Steve Knight|Steven Knight,Ruth Wilson|Tom Holland|Olivia Colman|Tom Hardy|Andrew Scott|Bill Milner,UK|UK,18-Apr-14,IM Global|Shoebox Films,2014,April
264,Logan's Run,PG,Action|Science Fiction|Sci-Fi,6.4,119 min,Michael Anderson,Michael York|Jenny Agutter|Richard Jordan|Roscoe Lee Browne,USA,23-Jun-76,Metro-Goldwyn-Mayer (MGM),1976,June
265,Looper,R,Action|Drama|Thriller|Crime,7.7,113 min,Rian Johnson,Emily Blunt|Joseph Gordon-Levitt|Bruce Willis|Paul Dano,USA|USA,28-Sep-12,Endgame Entertainment|DMG Entertainment|DMG Entertainment,2012,September
266,Love Me or Leave Me,PASSED,Drama|Music|Musical|Biography,7.6,122 min,Charles Vidor,James Cagney|Doris Day|Cameron Mitchell|Tom Tully,USA,10-Jun-55,Metro-Goldwyn-Mayer (MGM),1955,June
267,"Love, Simon",PG13,Drama|Romance|Comedy|Comedy Drama,8.05,110 min,Greg Berlanti,Jennifer Garner|Alexandra Shipp|Josh Duhamel|Logan Miller|Nick Robinson,USA,16-Mar-18,Fox 2000 Pictures|New Leaf Literary & Media|Temple Hill Entertainment,2018,March
268,Lucas,PG13,Drama|Romance|Comedy|Comedy Drama,7.4,100 min,David Seltzer,Courtney Thorne-Smith|Kerri Green|Charlie Sheen|Corey Haim,USA,28-Mar-86,Twentieth Century Fox,1986,March
269,M,NOT RATED,Drama|Mystery|Thriller|Crime,9.2,99 min,Fritz Lang,Inge Landgut|Peter Lorre|Ellen Widmann|Gustaf Grndgens,Germany,31-Aug-31,Nero-Film AG,1931,August
270,Machete Kills,R,Action|Sci-Fi|Crime,6.8,107 min,Robert Rodriguez,Alexa PenaVega|Lady Gaga|Amber Heard|Danny Trejo|Michelle Rodriguez|Mel Gibson,Russia|Russia,11-Oct-13,AR Films|Aldamisa Entertainment|1821 Pictures,2013,October
271,Mad Max,R,Action|Science Fiction|Adventure|Sci-Fi,7.5,88 min,George Miller,Hugh Keays-Byrne|Joanne Samuel|Steve Bisley|Mel Gibson,Australia,21-Mar-80,Kennedy Miller Productions|Crossroads|Crossroads,1980,March
272,Mad Max: Fury Road,R,Action|Adventure|Sci-Fi,8.55,120 min,George Miller,Nicholas Hoult|Abbey Lee|Charlize Theron|Tom Hardy,Australia|Australia,15-May-15,Warner Bros. Pictures|Village Roadshow Pictures|Village Roadshow Pictures,2015,May
273,Magnolia,R,Drama,8.5,188 min,Paul Thomas Anderson,"Julianne Moore|Jason Robards|Tom Cruise|Philip Seymour Hoffman|Jason Robards, Jr.",USA,7-Jan-00,Ghoulardi Film Company|New Line Cinema|The Magnolia Project,2000,January
274,Mama,PG13,Horror|Thriller,6.1,100 min,Andy Muschietti,Megan Charpentier|Nikolaj Coster-Waldau|Isabelle Nelisse|Jessica Chastain,Canada|Canada,18-Jan-13,Universal Pictures|De Milo|Toma 78,2013,January
275,Man of Steel,PG13,Action|Fantasy|Adventure,7.05,143 min,Zack Snyder,Henry Cavill|Amy Adams|Diane Lane|Michael Shannon,USA|USA,14-Jun-13,Warner Bros.|Legendary Entertainment|Syncopy,2013,June
276,Manhunter,R,Mystery|Horror|Thriller|Crime,7.6,120 min,Michael Mann,William Petersen|Kim Greist|Dennis Farina|Joan Allen|Brian Cox,USA,15-Aug-86,De Laurentiis Entertainment Group (DEG)|Red Dragon Productions S.A.,1986,August
277,Marathon Man,R,Thriller|Crime,8.25,125 min,John Schlesinger,Laurence Olivier|William Devane|Roy Scheider|Dustin Hoffman,USA,8-Oct-76,Paramount Pictures|Robert Evans Company,1976,October
278,Margin Call,R,Drama|Thriller,7.05,107 min,J.C. Chandor,Jeremy Irons|Zachary Quinto|Kevin Spacey|Stanley Tucci|Paul Bettany,USA,29-Sep-11,Before The Door Pictures|Benaroya Pictures|Washington Square Films,2011,September
279,Martha Marcy May Marlene,R,Drama|Mystery|Thriller,7.45,102 min,Sean Durkin,John Hawkes|Elizabeth Olsen|Hugh Dancy|Sarah Paulson|Brady Corbet|Christopher Abbott,USA,21-Dec-11,Fox Searchlight Pictures|Cunningham & Maybach Films|Maybach Film Productions,2011,December
280,Martyrs,R,Horror,7.05,99 min,Pascal Laugier,Morjana Alaoui|Catherine Bgin|Robert Toupin|Mylene Jampanoi|Mylne Jampano|Catherine Begin,France|France,3-Sep-08,Canal Horizons|Canal+|CinCinma,2008,September
281,Mary Poppins,G,Fantasy|Children's/Family|Family|Comedy|Musical,8.4,139 min,Robert Stevenson,Glynis Johns|Julie Andrews|David Tomlinson|Dick Van Dyke,USA,11-Sep-64,Walt Disney Productions,1964,September
282,Memento,R,Mystery|Thriller,8.75,113 min,Christopher Nolan,Stephen Tobolowsky|Carrie-Anne Moss|Joe Pantoliano|Guy Pearce,USA,25-May-01,Newmarket Capital Group|Team Todd|I Remember Productions,2001,May
283,Men in Black,PG13,Science Fiction|Comedy|Adventure|Family,6.65,98 min,Barry Sonnenfeld,Linda Fiorentino|Will Smith|Tommy Lee Jones|Vincent D'Onofrio,USA,2-Jul-97,Columbia Pictures Corporation|Amblin Entertainment|Parkes+MacDonald Image Nation,1997,July
284,Metropolis,NOT RATED,Drama|Science Fiction|Sci-Fi,9.15,153 min,Fritz Lang,Theodor Loos|Heinrich George|Brigitte Helm|Alfred Abel|Rudolf Klein-Rogge|Gustav Frhlich,Germany,13-Mar-27,Universum Film (UFA),1927,March
285,Michael Clayton,R,Drama|Mystery|Thriller|Crime,7.65,119 min,Tony Gilroy,Sydney Pollack|Tilda Swinton|Tom Wilkinson|George Clooney,USA,12-Oct-07,Samuels Media|Castle Rock Entertainment|Mirage Enterprises,2007,October
286,Midnight Cowboy,R,Drama,8.95,113 min,John Schlesinger,Jon Voight|Sylvia Miles|John McGiver|Dustin Hoffman,USA,16-Jun-69,Jerome Hellman Productions|Florin Productions,1969,June
287,Midnight Express,R,Drama|Biography|Crime,7.8,121 min,Alan Parker,Randy Quaid|John Hurt|Brad Davis|Irene Miracle|Bo Hopkins,UK|UK|UK|UK,6-Oct-78,Columbia Pictures|Casablanca Filmworks,1978,October
288,Midnight in Paris,PG13,Romance|Fantasy|Comedy,7.85,94 min,Woody Allen,Marion Cotillard|Owen Wilson|Rachel McAdams|Kathy Bates,Spain|Spain|Spain,10-Jun-11,Mediapro|Verstil Cinema|Gravier Productions,2011,June
289,Midnight Special,PG13,Drama|Mystery|Sci-Fi|Science Fiction,7.3,112 min,Jeff Nichols,Adam Driver|Michael Shannon|Kirsten Dunst|Joel Edgerton,USA|USA,21-Apr-16,Warner Bros.|RatPac-Dune Entertainment|Faliro House Productions,2016,April
290,Million Dollar Baby,PG13,Drama|Sport,8.55,132 min,Clint Eastwood,Hilary Swank|Morgan Freeman|Anthony Mackie|Clint Eastwood,USA,28-Jan-05,Warner Bros.|Lakeshore Entertainment|Malpaso Productions,2005,January
291,Minions,PG,Action|Children's/Family|Animation|Adventure|Comedy,7.2,91 min,Kyle Balda|Pierre Coffin,Allison Janney|Sandra Bullock|Michael Keaton|Jon Hamm,USA,10-Jul-15,Illumination Entertainment|Universal Pictures,2015,July
292,Minority Report,PG13,Action|Science Fiction|Adventure|Crime,6.85,145 min,Steven Spielberg,Max von Sydow|Samantha Morton|Tom Cruise|Colin Farrell,USA,21-Jun-02,Twentieth Century Fox|DreamWorks|Cruise/Wagner Productions,2002,June
293,Misery,R,Drama|Thriller|Crime,7.9,107 min,Rob Reiner,Richard Farnsworth|Frances Sternhagen|Kathy Bates|James Caan,USA,30-Nov-90,Castle Rock Entertainment|Nelson Entertainment,1990,November
294,Miss Sloane,R,Drama|Thriller,7.25,132 min,John Madden,Gugu Mbatha-Raw|Alison Pill|Mark Strong|Jessica Chastain,France|France,9-Dec-16,Transfilm|Archery Pictures|Canal+ Distribution,2016,December
295,Mission: Impossible - Rogue Nation,PG13,Action|Adventure|Thriller,7.7,131 min,Christopher McQuarrie,Rebecca Ferguson|Ving Rhames|Tom Cruise|Jeremy Renner|Simon Pegg,China|China|China,31-Jul-15,Paramount Pictures|Skydance Media|Bad Robot,2015,July
296,Monster,R,Drama|Biography|Crime,7.65,109 min,Patty Jenkins,Bruce Dern|Charlize Theron|Christina Ricci|Pruitt Taylor Vince,Germany|Germany,30-Jan-04,Media 8 Entertainment|Newmarket Films|DEJ Productions,2004,January
297,Monsters,R,Drama|Science Fiction|Sci-Fi|Thriller,6.7,94 min,Gareth Edwards,Mario Zuniga Benavides|Scoot McNairy|Whitney Able,UK,3-Dec-10,Vertigo Films,2010,December
298,Monsters vs. Aliens,PG,Action|Science Fiction|Children's/Family|Animation|Adventure,6.75,94 min,Conrad Vernon|Rob Letterman,Hugh Laurie|Will Arnett|Stephen Colbert|Rainn Wilson|Reese Witherspoon|Seth Rogen,USA,27-Mar-09,DreamWorks Animation,2009,March
299,"Monsters, Inc.",G,Fantasy|Children's/Family|Comedy|Animation|Adventure,8.05,92 min,Pete Docter|Lee Unkrich|David Silverman,Steve Buscemi|John Goodman|Billy Crystal|Mary Gibbs|James Coburn,USA,2-Nov-01,Pixar Animation Studios|Walt Disney Pictures,2001,November
300,Moon,R,Drama|Mystery|Sci-Fi|Science Fiction,7.45,97 min,Duncan Jones,Sam Rockwell|Kaya Scodelario|Matt Berry|Kevin Spacey|Dominique McElligott|Benedict Wong,UK,10-Jul-09,Liberty Films UK|Xingu Films|Limelight Fund,2009,July
301,Moonstruck,PG,Drama|Romance|Comedy,8.55,102 min,Norman Jewison,Nicolas Cage|Cher|Vincent Gardenia|Olympia Dukakis,USA,15-Jan-88,Metro-Goldwyn-Mayer (MGM)|Star Partners,1988,January
302,Mr. Nobody,R,Drama|Fantasy|Romance|Science Fiction,7.45,141 min,Jaco Van Dormael|Jaco van Dormael,Jared Leto|Diane Kruger|Linh-Dan Pham|Sarah Polley,Belgium|Belgium|Belgium|Belgium|Belgium|Belgium,26-Sep-13,Pan Europenne|Virtual Films|Christal Films,2013,September
303,Much Ado About Nothing,PG13,Drama|Romance|Comedy,7.7,111 min,Kenneth Branagh,Robert Sean Leonard|Keanu Reeves|Michael Keaton|Kenneth Branagh|Emma Thompson,UK|UK,2-Jul-93,Renaissance Films|American Playhouse Theatrical Films|BBC Films,1993,July
304,Mud,PG13,Drama,7.7,130 min,Jeff Nichols,Matthew McConaughey|Jacob Lofland|Tye Sheridan|Reese Witherspoon,USA,10-May-13,Lionsgate|Everest Entertainment|Brace Cove Productions,2013,May
305,Munich,R,Drama|Thriller|History,7.8,164 min,Steven Spielberg,Ciarn Hinds|Marie-Jose Croze|Eric Bana|Mathieu Kassovitz|Daniel Craig,France|France|France,6-Jan-06,DreamWorks|Universal Pictures|Amblin Entertainment,2006,January
306,Mystic River,R,Drama|Mystery|Crime,8.5,138 min,Clint Eastwood,Kevin Bacon|Laurence Fishburne|Sean Penn|Tim Robbins,USA|USA,15-Oct-03,Warner Bros.|Village Roadshow Pictures|NPV Entertainment,2003,October
307,Nausica of the Valley of the Wind,PG,Fantasy|Animation|Adventure,8.55,117 min,Hayao Miyazaki,Mahito Tsujimura|Patrick Stewart|Shia LaBeouf|Uma Thurman|Hisako Kyda|Alison Lohman|Sumi Shimamoto,Japan|Japan,11-Mar-84,Nibariki|Tokuma Shoten|Hakuhodo,1984,March
308,Never Let Me Go,R,Drama|Romance|Sci-Fi|Science Fiction,7.1,103 min,Mark Romanek,Keira Knightley|Andrew Garfield|Carey Mulligan|Charlotte Rampling,UK|UK,15-Oct-10,DNA Films|Film4|Fox Searchlight Pictures,2010,October
309,No Country for Old Men,R,Drama|Thriller|Crime,8.55,122 min,Joel Coen|Ethan Coen,Javier Bardem|Woody Harrelson|Tommy Lee Jones|Josh Brolin,USA,21-Nov-07,Paramount Vantage|Miramax|Scott Rudin Productions,2007,November
310,Nocturnal Animals,R,Drama|Romance|Thriller|Crime,7.25,116 min,Tom Ford,Aaron Taylor-Johnson|Michael Shannon|Jake Gyllenhaal|Amy Adams,USA,9-Dec-16,Focus Features|Fade to Black Productions|Artina Films,2016,December
311,Non-Stop,PG13,Action|Mystery|Thriller,7,106 min,Jaume Collet-Serra,Julianne Moore|Scoot McNairy|Liam Neeson|Nate Parker,UK|UK|UK|UK,28-Feb-14,StudioCanal|Anton Capital Entertainment (ACE)|Silver Pictures,2014,February
312,North by Northwest,NOT RATED,Mystery|Spy Film|Adventure|Thriller,9.2,136 min,Alfred Hitchcock,Eva Marie Saint|James Mason|Cary Grant|Jesse Royce Landis,USA,26-Sep-59,Metro-Goldwyn-Mayer (MGM),1959,September
313,Notting Hill,PG13,Drama|Romance|Comedy,7.55,124 min,Roger Michell,Hugh Grant|Richard McCabe|Emma Chambers|Julia Roberts|Hugh Bonneville,UK|UK,28-May-99,Polygram Filmed Entertainment|Working Title Films|Bookshop Productions,1999,May
314,"O Brother, Where Art Thou?",PG13,Comedy|Adventure|Crime,7.9,107 min,Joel Coen|Ethan Coen,Charles Durning|John Turturro|Tim Blake Nelson|George Clooney,UK|UK|UK,2-Feb-01,Touchstone Pictures|Universal Pictures|StudioCanal,2001,February
315,Observe and Report,R,Drama|Comedy|Crime,6.9,86 min,Jody Hill,Anna Faris|Ray Liotta|Dan Bakkedahl|Seth Rogen,USA,10-Apr-09,De Line Pictures|Legendary Entertainment,2009,April
316,Oculus,R,Mystery|Horror,6.25,104 min,Mike Flanagan,Karen Gillan|Brenton Thwaites|Katee Sackhoff|Rory Cochrane,USA,11-Apr-14,Intrepid Pictures|MICA Entertainment|WWE Studios,2014,April
317,On the Waterfront,NOT RATED,Drama|Thriller|Crime,9.1,108 min,Elia Kazan,Marlon Brando|Lee J. Cobb|Karl Malden|Rod Steiger,USA,22-Jun-54,Columbia Pictures Corporation|Horizon Pictures,1954,June
318,Only Yesterday,PG,Drama|Romance|Animation,8.35,118 min,Isao Takahata,Dev Patel|Toshiro Yanagiba|Miki Imai|Yoko Honna|Daisy Ridley|Toshir Yanagiba,Japan,26-Feb-16,Nippon Television Network (NTV)|Studio Ghibli|Studiopolis,2016,February
319,Our Town,NOT RATED,Drama|Romance,7.4,90 min,Sam Wood,Fay Bainter|Beulah Bondi|Martha Scott|William Holden,USA,24-May-40,Sol Lesser Productions,1940,May
320,Out of Africa,PG,Drama|Romance|Biography,7.6,161 min,Sydney Pollack,Michael Kitchen|Robert Redford|Klaus Maria Brandauer|Meryl Streep,USA|USA,20-Dec-85,Mirage Enterprises|Universal Pictures,1985,December
321,Oz the Great and Powerful,PG,Drama|Fantasy|Comedy|Adventure,6.65,130 min,Sam Raimi,Michelle Williams|James Franco|Mila Kunis|Rachel Weisz,USA,8-Mar-13,Walt Disney Pictures|Roth Films,2013,March
322,Pacific Rim,PG13,Action|Science Fiction|Adventure|Sci-Fi,7.95,131 min,Guillermo del Toro,Rinko Kikuchi|Charlie Hunnam|Diego Klattenhoff|Idris Elba,USA,12-Jul-13,Warner Bros.|Legendary Entertainment|Double Dare You (DDY),2013,July
323,Pacific Rim: Uprising,PG13,Action|Science Fiction|Adventure|Sci-Fi,7,111 min,Steven S. DeKnight,Rinko Kikuchi|Jing Tian|Scott Eastwood|John Boyega|Cailee Spaeny,USA|USA|USA,23-Mar-18,Clear Angle Studios|Dentsu|Double Dare You (DDY),2018,March
324,Pain & Gain,R,Action|Comedy|Crime,7.2,129 min,Michael Bay,Mark Wahlberg|Dwayne Johnson|Tony Shalhoub|Anthony Mackie,USA,26-Apr-13,Paramount Pictures|De Line Pictures,2013,April
325,Pan's Labyrinth,R,Drama|Fantasy|War,9.1,118 min,Guillermo del Toro,Ariadna Gil|Ivana Baquero|Sergi Lpez|Maribel Verd,Spain|Spain|Spain,19-Jan-07,Estudios Picasso|Wild Bunch|Tequila Gang,2007,January
326,Paranormal Activity,R,Mystery|Horror|Thriller,7.15,86 min,Oren Peli,Katie Featherston|Micah Sloat|Amber Armstrong|Mark Fredrichs,USA,16-Oct-09,Solana Films|Blumhouse Productions,2009,October
327,Phantom Thread,R,Drama|Romance,8.35,130 min,Paul Thomas Anderson,Lesley Manville|Camilla Rutherford|Daniel Day-Lewis|Vicky Krieps,USA|USA,19-Jan-18,Focus Features|Annapurna Pictures|Perfect World Pictures,2018,January
328,Pillow Talk,NOT RATED,Romance|Comedy,7.75,102 min,Michael Gordon,Tony Randall|Rock Hudson|Thelma Ritter|Doris Day,USA,7-Oct-59,Arwin Productions,1959,October
329,Pirates of the Caribbean: Dead Men Tell No Tales,PG13,Action|Fantasy|Adventure,7.3,129 min,Espen Sandberg|Joachim Rnning,Geoffrey Rush|Kaya Scodelario|Javier Bardem|Brenton Thwaites|Johnny Depp,USA,26-May-17,Walt Disney Pictures|Jerry Bruckheimer Films|Infinitum Nihil,2017,May
330,Pitch Black,R,Science Fiction|Horror|Sci-Fi,7.05,109 min,David Twohy|David N. Twohy,Vin Diesel|Cole Hauser|Keith David|Radha Mitchell,USA,18-Feb-00,Polygram Filmed Entertainment|Interscope Communications,2000,February
331,Planet of the Apes,G,Action|Science Fiction|Adventure|Sci-Fi,9,112 min,Franklin J. Schaffner,Kim Hunter|Roddy McDowall|Charlton Heston|Maurice Evans,USA,3-Apr-68,APJAC Productions|Twentieth Century Fox,1968,April
332,Planet Terror,NOT RATED,Action|Horror|Comedy,7.05,105 min,Robert Rodriguez,Rose McGowan|Freddy Rodrguez|Marley Shelton|Freddy Rodriguez|Josh Brolin,USA,21-Jun-07,Dimension Films|Troublemaker Studios|Rodriguez International Pictures,2007,June
333,Poltergeist,PG,Horror|Thriller,8.2,114 min,Tobe Hooper,Beatrice Straight|JoBeth Williams|Dominique Dunne|Craig T. Nelson|Heather O'Rourke,USA,4-Jun-82,Metro-Goldwyn-Mayer (MGM)|Amblin Entertainment|SLM Production Group,1982,June
334,Predator,R,Action|Horror|Sci-Fi|Thriller,8.4,107 min,John McTiernan,Bill Duke|Elpidia Carrillo|Kevin Peter Hall|Arnold Schwarzenegger|Carl Weathers,USA,12-Jun-87,Twentieth Century Fox|Lawrence Gordon Productions|Silver Pictures,1987,June
335,Predator 2,R,Action|Horror|Sci-Fi,6.1,108 min,Stephen Hopkins,Bill Paxton|Danny Glover|Kevin Peter Hall|Maria Conchita Alonso|Gary Busey,USA,21-Nov-90,Davis Entertainment|Lawrence Gordon Productions|Silver Pictures,1990,November
336,Predators,R,Action|Science Fiction|Adventure|Sci-Fi,6.2,107 min,Nimrd Antal,Alice Braga|Topher Grace|Laurence Fishburne|Adrien Brody|Walton Goggins,USA,9-Jul-10,Twentieth Century Fox|Troublemaker Studios|Davis Entertainment,2010,July
337,Pretty Woman,R,Romance|Comedy,7.5,119 min,Garry Marshall,Richard Gere|Jason Alexander|Ralph Bellamy|Julia Roberts,USA,23-Mar-90,Touchstone Pictures|Silver Screen Partners IV,1990,March
338,Pride & Prejudice,PG,Drama|Romance|Comedy,7.9,129 min,Joe Wright,Keira Knightley|Donald Sutherland|Brenda Blethyn|Matthew Macfadyen|Matthew MacFadyen,France|France|France,23-Nov-05,Focus Features|Universal Pictures|StudioCanal,2005,November
339,Primal Fear,R,Drama|Mystery|Thriller|Crime,7.35,129 min,Gregory Hoblit,John Mahoney|Richard Gere|Laura Linney|Edward Norton,USA,3-Apr-96,Paramount Pictures|Rysher Entertainment,1996,April
340,Primer,PG13,Drama|Science Fiction|Sci-Fi|Thriller,6.95,77 min,Shane Carruth,John Carruth|David Sullivan|Shane Carruth|Casey Gooden|Carrie Crawford,USA,27-May-05,ERBP,2005,May
341,Prometheus,R,Mystery|Science Fiction|Adventure|Sci-Fi,6.5,124 min,Ridley Scott,Logan Marshall-Green|Charlize Theron|Michael Fassbender|Noomi Rapace|Idris Elba,USA|USA,8-Jun-12,Twentieth Century Fox|Dune Entertainment|Scott Free Productions,2012,June
342,Psycho,R,Mystery|Horror|Thriller,9.25,109 min,Alfred Hitchcock,Janet Leigh|John Gavin|Anthony Perkins|Vera Miles,USA,8-Sep-60,Shamley Productions,1960,September
343,Punch-Drunk Love,R,Drama|Romance|Comedy|Comedy Drama,7.65,95 min,Paul Thomas Anderson,Adam Sandler|Emily Watson|Philip Seymour Hoffman|Luis Guzman,USA,1-Nov-02,New Line Cinema|Revolution Studios|Ghoulardi Film Company,2002,November
344,Quo Vadis?,NOT RATED,Drama|Historical Film|Epic|Biography|History,7.6,171 min,Anthony Mann|Mervyn LeRoy,Leo Genn|Deborah Kerr|Peter Ustinov|Robert Taylor,USA,25-Dec-51,Metro-Goldwyn-Mayer (MGM),1951,December
345,Raging Bull,R,Drama|Sport|Biography,9.1,129 min,Martin Scorsese,Joe Pesci|Frank Vincent|Cathy Moriarty|Robert De Niro,USA,19-Dec-80,Chartoff-Winkler Productions,1980,December
346,Rain Man,R,Drama,8,133 min,Barry Levinson,Valeria Golino|Tom Cruise|Jack Murdock|Dustin Hoffman,USA,16-Dec-88,"United Artists|Guber-Peters Company, The|Star Partners II Ltd.",1988,December
347,Ratatouille,G,Comedy|Animation|Adventure,8.5,111 min,Brad Bird|Jan Pinkava,Ian Holm|Patton Oswalt|Brad Garrett|Lou Romano|Brian Dennehy,USA,29-Jun-07,Pixar Animation Studios|Walt Disney Pictures,2007,June
348,Real Genius,PG,Romance|Comedy|Sci-Fi,7.5,108 min,Martha Coolidge,Michelle Meyrink|Gabe Jarret|Val Kilmer|Gabriel Jarret|William Atherton,USA,7-Aug-85,Delphi III Productions,1985,August
349,Real Steel,PG13,Action|Drama|Family|Science Fiction,7.05,127 min,Shawn Levy,Dakota Goyo|Evangeline Lilly|Hugh Jackman|Anthony Mackie,USA|USA,7-Oct-11,DreamWorks|Touchstone Pictures|Reliance Entertainment,2011,October
350,Rear Window,PG,Mystery|Thriller,9.25,112 min,Alfred Hitchcock,Thelma Ritter|Wendell Corey|James Stewart|Grace Kelly,USA,September 1954 (USA),Alfred J. Hitchcock Productions,1954,
351,Red Eye,PG13,Mystery|Thriller,6.75,85 min,Wes Craven,Rachel McAdams|Cillian Murphy|Jayma Mays|Brian Cox,USA,19-Aug-05,DreamWorks|BenderSpink|Craven-Maddalena Films,2005,August
352,Resident Evil: Afterlife,R,Action|Horror|Adventure,5.95,96 min,Paul W.S. Anderson,Ali Larter|Kim Coates|Milla Jovovich|Shawn Roberts|Wentworth Miller,Germany|Germany|Germany|Germany|Germany,10-Sep-10,Constantin Film|Davis-Films|Impact Pictures,2010,September
353,Revolutionary Road,R,Drama|Romance,8.15,119 min,Sam Mendes,Christopher Fitzgerald|Kathy Bates|Kate Winslet|Leonardo DiCaprio|Michael Shannon,USA|USA,23-Jan-09,DreamWorks|BBC Films|Evamere Entertainment,2009,January
354,Riddick,R,Action|Science Fiction|Sci-Fi|Thriller,6.2,119 min,David Twohy|David N. Twohy,Karl Urban|Vin Diesel|Katee Sackhoff|Matt Nable|Jordi Moll,USA,6-Sep-13,Entertainment One|One Race Productions|Radar Pictures,2013,September
355,Risky Business,R,Drama|Comedy|Crime,7.4,99 min,Paul Brickman,Curtis Armstrong|Tom Cruise|Joe Pantoliano|Rebecca De Mornay|Bronson Pinchot,USA,5-Aug-83,"Geffen Company, The",1983,August
356,Rocky,PG,Drama|Sport,9.05,120 min,John G. Avildsen,Burt Young|Carl Weathers|Sylvester Stallone|Talia Shire,USA,3-Dec-76,Chartoff-Winkler Productions,1976,December
357,Roman Holiday,NOT RATED,Romance|Comedy,9.05,118 min,William Wyler,Gregory Peck|Hartley Power|Audrey Hepburn|Eddie Albert,USA,2-Sep-53,Paramount Pictures,1953,September
358,Romeo and Juliet,PG,Drama|Romance,8.8,138 min,Franco Zeffirelli,Michael York|Milo O'Shea|Leonard Whiting|Olivia Hussey|John McEnery,UK|UK,8-Oct-68,BHE Films|Verona Produzione|Dino de Laurentiis Cinematografica,1968,October
359,Rosemary's Baby,R,Drama|Horror,8.5,137 min,Roman Polanski,Maurice Evans|Ruth Gordon|John Cassavetes|Mia Farrow,USA,12-Jun-68,William Castle Productions,1968,June
360,Rush,R,Action|Drama|Biography,8.05,123 min,Ron Howard,Olivia Wilde|Alexandra Maria Lara|Chris Hemsworth|Daniel Brhl|Pierfrancesco Favino,UK|UK|UK,27-Sep-13,Exclusive Media Group|Cross Creek Pictures|Imagine Entertainment,2013,September
361,Rust and Bone,R,Drama|Romance,7.75,120 min,Jacques Audiard,Marion Cotillard|Celine Sallette|Matthias Schoenaerts|Armand Verdure,France|France,17-May-12,Why Not Productions|Page 114|France 2 Cinma,2012,May
362,Sabrina,NOT RATED,Drama|Romance|Comedy|Comedy Drama,8.85,113 min,Billy Wilder,Audrey Hepburn|Humphrey Bogart|Walter Hampden|William Holden,USA,15-Oct-54,Paramount Pictures,1954,October
363,"Salo, or the 120 Days of Sodom",NOT RATED,Drama|Horror|War,6,117 min,Pier Paolo Pasolini,Laura Betti|Caterina Boratto|Paolo Bonacelli|Aldo Valletti|Giorgio Cataldi,Italy|Italy,19-May-76,Produzioni Europee Associate (PEA)|Les Productions Artistes Associs,1976,May
364,Saturday Night Fever,R,Drama|Comedy|Music,8.4,118 min,John Badham,Joseph Cali|John Travolta|Karen Lynn Gorney|Karen Gorney|Barry Miller,USA,16-Dec-77,Robert Stigwood Organization (RSO),1977,December
365,Say Anything...,PG13,Drama|Romance|Comedy|Comedy Drama,8.2,100 min,Cameron Crowe,John Mahoney|Lili Taylor|John Cusack|Ione Skye,USA,14-Apr-89,Gracie Films|Twentieth Century Fox,1989,April
366,Scent of a Woman,R,Drama,8,156 min,Martin Brest,Al Pacino|James Rebhorn|Chris O'Donnell|Gabrielle Anwar,USA,8-Jan-93,Universal Pictures|City Light Films,1993,January
367,Schindler's List,R,Drama|War|Biography|History,9.45,195 min,Steven Spielberg,Ralph Fiennes|Ben Kingsley|Liam Neeson|Caroline Goodall,USA,4-Feb-94,Universal Pictures|Amblin Entertainment,1994,February
368,Scott Pilgrim vs. the World,PG13,Action|Romance|Comedy,7.75,112 min,Edgar Wright,Michael Cera|Mary Elizabeth Winstead|Chris Evans|Kieran Culkin,USA|USA|USA|USA,13-Aug-10,Universal Pictures|Marc Platt Productions|Big Talk Productions,2010,August
369,Scream,R,Mystery|Horror|Comedy,8.1,111 min,Wes Craven,Neve Campbell|Liev Schreiber|Courteney Cox|David Arquette,USA,20-Dec-96,Dimension Films|Woods Entertainment,1996,December
370,Scream 2,R,Mystery|Horror,6.05,120 min,Wes Craven,Neve Campbell|Sarah Michelle Gellar|Courteney Cox|David Arquette,USA,12-Dec-97,Dimension Films|Konrad Pictures|Craven-Maddalena Films,1997,December
371,Secret in Their Eyes,PG13,Drama|Mystery|Thriller|Crime,7.15,111 min,Billy Ray,Nicole Kidman|Dean Norris|Chiwetel Ejiofor|Julia Roberts,USA|USA|USA|USA,20-Nov-15,IM Global|STX Entertainment|Route One Entertainment,2015,November
372,Secretary,R,Drama|Romance|Comedy|Comedy Drama,7.5,107 min,Steven Shainberg,Lesley Ann Warren|Jeremy Davies|James Spader|Maggie Gyllenhaal,USA,11-Oct-02,Slough Pond|TwoPoundBag Productions|double A Films,2002,October
373,Sense and Sensibility,PG,Drama|Romance|Comedy Drama,7.85,136 min,Ang Lee,Hugh Grant|Alan Rickman|James Fleet|Emma Thompson|Kate Winslet,USA|USA,26-Jan-96,Columbia Pictures Corporation|Mirage Enterprises,1996,January
374,Serenity,PG13,Action|Science Fiction|Adventure|Sci-Fi,7.45,119 min,Joss Whedon,Gina Torres|Morena Baccarin|Nathan Fillion|Alan Tudyk|Chiwetel Ejiofor,USA,30-Sep-05,Universal Pictures|Barry Mendel Productions,2005,September
375,Serpico,R,Drama|Biography|Crime,8.9,130 min,Sidney Lumet,Al Pacino|John Randolph|Cornelia Sharpe|Tony Roberts|Jack Kehoe,USA|USA,26-Feb-74,Artists Entertainment Complex|Produzioni De Laurentiis International Manufacturing Company,1974,February
376,Seven Samurai,NOT RATED,Drama|Adventure,9.35,207 min,Akira Kurosawa,Takashi Shimura|Toshir Mifune|Minoru Chiaki|Seiji Miyaguchi|Toshiro Mifune|Keiko Tsushima,Japan,19-Nov-56,Toho Company,1956,November
377,Shakespeare in Love,R,Drama|Romance|Comedy|Comedy Drama|History,7.6,123 min,John Madden,Geoffrey Rush|Judi Dench|Joseph Fiennes|Gwyneth Paltrow,USA,8-Jan-99,"Universal Pictures|Miramax|Bedford Falls Company, The",1999,January
378,Shame,NC17,Drama,8.1,101 min,Steve McQueen,Carey Mulligan|Michael Fassbender|James Badge Dale|Nicole Beharie,UK,13-Jan-12,See-Saw Films|Film4|UK Film Council,2012,January
379,Shaun of the Dead,R,Horror|Comedy,8,99 min,Edgar Wright,Kate Ashfield|Simon Pegg|Nick Frost|Dylan Moran,UK|UK,24-Sep-04,StudioCanal|Working Title Films|WT2 Productions,2004,September
380,Sherlock Holmes,PG13,Action|Mystery|Adventure|Crime,7.8,128 min,Guy Ritchie,"Rachel McAdams|Robert Downey Jr.|Jude Law|Robert Downey, Jr.|Mark Strong",USA|USA,25-Dec-09,Warner Bros.|Village Roadshow Pictures|Silver Pictures,2009,December
381,Short Circuit,PG,Science Fiction|Comedy|Sci-Fi|Family,6.3,98 min,John Badham,Ally Sheedy|Fisher Stevens|Austin Pendleton|Steve Guttenberg,USA,9-May-86,TriStar Pictures|Producers Sales Organization (PSO)|Turman-Foster Company,1986,May
382,Shrek 2,PG,Fantasy|Animation|Adventure|Comedy|Children's/Family,7.6,93 min,Andrew Adamson|Kelly Asbury|Conrad Vernon,Eddie Murphy|Cameron Diaz|Mike Myers|Julie Andrews,USA,19-May-04,DreamWorks|Pacific Data Images (PDI)|DreamWorks Animation,2004,May
383,Shrek Forever After,PG,Fantasy|Animation|Adventure|Comedy|Children's/Family,7.15,93 min,Mike Mitchell,Eddie Murphy|Cameron Diaz|Mike Myers|Antonio Banderas,USA,21-May-10,DreamWorks Animation,2010,May
384,Shutter Island,R,Mystery|Thriller,8.05,138 min,Martin Scorsese,Mark Ruffalo|Michelle Williams|Ben Kingsley|Emily Mortimer|Leonardo DiCaprio,USA,19-Feb-10,Paramount Pictures|Phoenix Pictures|Sikelia Productions,2010,February
385,Sicario,R,Drama|Mystery|Action|Crime,8.3,121 min,Denis Villeneuve,Emily Blunt|Benicio Del Toro|Jon Bernthal|Josh Brolin,USA,2-Oct-15,Black Label Media|Lionsgate|Thunder Road Pictures,2015,October
386,Signs,PG13,Drama|Mystery|Sci-Fi|Thriller|Science Fiction,6.85,106 min,M. Night Shyamalan,Joaquin Phoenix|Cherry Jones|Rory Culkin|Mel Gibson,USA,2-Aug-02,"Touchstone Pictures|Blinding Edge Pictures|Kennedy/Marshall Company, The",2002,August
387,Silence,R,Drama|Adventure|Thriller|History,8.1,161 min,Martin Scorsese,Tadanobu Asano|Adam Driver|Andrew Garfield|Liam Neeson,Mexico|Mexico|Mexico|Mexico|Mexico|Mexico,13-Jan-17,Cappa Defina Productions|CatchPlay|Emmett/Furla/Oasis Films (EFO Films),2017,January
388,Silent Running,G,Drama|Science Fiction|Sci-Fi,6.85,89 min,Douglas Trumbull,Bruce Dern|Jesse Vint|Ron Rifkin|Cliff Potts,USA,10-Mar-72,Universal Pictures|Trumbull/Gruskoff Productions,1972,March
389,Singin' in the Rain,G,Romance|Comedy|Musical,9.15,103 min,Gene Kelly|Stanley Donen,Gene Kelly|Donald O'Connor|Jean Hagen|Debbie Reynolds,USA,11-Apr-52,Metro-Goldwyn-Mayer (MGM),1952,April
390,Single White Female,R,Drama|Thriller,6.65,107 min,Barbet Schroeder,Peter Friedman|Steven Weber|Bridget Fonda|Jennifer Jason Leigh,USA,14-Aug-92,Columbia Pictures Corporation,1992,August
391,Sixteen Candles,PG,Romance|Comedy,7.55,93 min,John Hughes,Justin Henry|Paul Dooley|Molly Ringwald|Anthony Michael Hall|Michael Schoeffling,USA,4-May-84,Universal Pictures|Channel Productions,1984,May
392,Skyfall,PG13,Action|Spy Film|Adventure|Thriller,8.4,143 min,Sam Mendes,Judi Dench|Ralph Fiennes|Javier Bardem|Naomie Harris|Daniel Craig,UK|UK,9-Nov-12,Eon Productions|B23|Columbia Pictures,2012,November
393,Sleepy Hollow,R,Mystery|Fantasy|Horror,7.2,105 min,Tim Burton,Miranda Richardson|Michael Gambon|Johnny Depp|Christina Ricci,Germany|Germany,19-Nov-99,Paramount Pictures|Mandalay Pictures|American Zoetrope,1999,November
394,Sleight,R,Action|Drama|Sci-Fi|Thriller|Science Fiction,5.95,89 min,J.D. Dillard,Seychelle Gabriel|Storm Reid|Cameron Esposito|Jacob Latimore,USA,28-Apr-17,Diablo Entertainment (II),2017,April
395,Slither,R,Horror|Comedy|Sci-Fi,6.75,95 min,James Gunn,Nathan Fillion|Michael Rooker|Elizabeth Banks|Gregg Henry,Canada|Canada,31-Mar-06,Gold Circle Films|Strike Entertainment|Brightlight Pictures,2006,March
396,Solaris,PG,Drama|Mystery|Sci-Fi|Science Fiction,9.05,167 min,Andrei Tarkovsky,Jri Jrvet|Donatas Banionis|Natalya Bondarchuk|Anatoli Solonitsin,Soviet Union,26-Sep-72,Mosfilm|Chetvyortoe Tvorcheskoe Obedinenie,1972,September
397,Some Like It Hot,NOT RATED,Romance|Comedy,9.15,121 min,Billy Wilder,Marilyn Monroe|Jack Lemmon|Tony Curtis|George Raft,USA,14-Apr-59,"Ashton Productions|Mirisch Corporation, The",1959,April
398,Sophie's Choice,R,Drama|Romance,7.85,150 min,Alan J. Pakula,Peter MacNicol|Rita Karin|Meryl Streep|Kevin Kline,UK|UK,4-Mar-83,Incorporated Television Company (ITC)|Keith Barish Productions,1983,March
399,Soylent Green,PG,Mystery|Science Fiction|Sci-Fi|Crime,6.55,97 min,Richard Fleischer,Chuck Connors|Edward G. Robinson|Charlton Heston|Leigh Taylor-Young,USA,9-May-73,Metro-Goldwyn-Mayer (MGM),1973,May
400,Space Cowboys,PG13,Action|Science Fiction|Comedy Drama|Adventure|Thriller,6.2,130 min,Clint Eastwood,Donald Sutherland|James Garner|Tommy Lee Jones|Clint Eastwood,USA,4-Aug-00,Clipsal Films|Digital Image Associates|Mad Chance,2000,August
401,Spectre,PG13,Action|Adventure|Thriller,7.9,148 min,Sam Mendes,La Seydoux|Christoph Waltz|Naomie Harris|Daniel Craig,UK|UK,6-Nov-15,B24|Columbia Pictures|Danjaq,2015,November
402,Speed,R,Action|Adventure|Crime,8.1,116 min,Jan de Bont,Sandra Bullock|Keanu Reeves|Joe Morton|Dennis Hopper,USA,10-Jun-94,The Mark Gordon Company|Twentieth Century Fox,1994,June
403,Spider-Man,PG13,Action|Adventure|Sci-Fi,7.65,121 min,Sam Raimi,James Franco|Tobey Maguire|Kirsten Dunst|Willem Dafoe,USA,3-May-02,Columbia Pictures Corporation|Marvel Enterprises|Laura Ziskin Productions,2002,May
404,Spider-Man 2,PG13,Action|Adventure|Sci-Fi,8.15,127 min,Sam Raimi,James Franco|Tobey Maguire|Kirsten Dunst|Alfred Molina,USA,30-Jun-04,Columbia Pictures Corporation|Marvel Enterprises|Laura Ziskin Productions,2004,June
405,Splice,R,Drama|Science Fiction|Horror|Sci-Fi,6.85,104 min,Vincenzo Natali,Delphine Chanac|Brandon McGibbon|Sarah Polley|Adrien Brody,Canada|Canada|Canada,4-Jun-10,Gaumont|Copperheart Entertainment|Dark Castle Entertainment,2010,June
406,Split,PG13,Horror|Thriller,7.15,117 min,M. Night Shyamalan,Betty Buckley|James McAvoy|Haley Lu Richardson|Anya Taylor-Joy,USA,20-Jan-17,Blinding Edge Pictures|Blumhouse Productions|Dentsu,2017,January
407,Spotlight,R,Drama|Crime|History,8.55,128 min,Tom McCarthy,Mark Ruffalo|Liev Schreiber|Rachel McAdams|Michael Keaton,USA,20-Nov-15,Participant Media|Anonymous Content|Rocklin \ Faust,2015,November
408,Stalker,NOT RATED,Drama|Science Fiction|Sci-Fi,8.55,162 min,Andrei Tarkovsky,Aleksandr Kaydanovskiy|Alisa Freyndlikh|Anatoliy Solonitsyn|Natasha Abramova|Anatoli Solonitsin|Alexander Kaidanovsky,Soviet Union,17-Apr-80,Mosfilm|Vtoroe Tvorcheskoe Obedinenie,1980,April
409,Stand by Me,R,Drama|Adventure,8.05,89 min,Rob Reiner,Jerry O'Connell|Wil Wheaton|River Phoenix|Corey Feldman,USA,26-Nov-86,Columbia Pictures Corporation|Act III|Act III Communications,1986,November
410,Star Trek,PG13,Action|Science Fiction|Adventure|Sci-Fi,8,127 min,J.J. Abrams,Leonard Nimoy|Chris Pine|Zachary Quinto|Eric Bana|Simon Pegg,USA|USA,8-May-09,Paramount Pictures|Spyglass Entertainment|Bad Robot,2009,May
411,Star Trek II: The Wrath of Khan,PG,Action|Science Fiction|Adventure|Sci-Fi,7.85,113 min,Nicholas Meyer,Leonard Nimoy|James Doohan|William Shatner|DeForest Kelley,USA,4-Jun-82,Paramount Pictures,1982,June
412,Star Trek: Beyond,PG13,Action|Science Fiction|Adventure|Sci-Fi,7.05,122 min,Justin Lin,Karl Urban|Simon Pegg|Zachary Quinto|Anton Yelchin|Chris Pine,USA|USA|USA,22-Jul-16,Paramount Pictures|Skydance Media|Alibaba Pictures Group,2016,July
413,Star Trek: Into Darkness,PG13,Action|Science Fiction|Adventure|Sci-Fi,7.9,132 min,J.J. Abrams,Karl Urban|Zachary Quinto|Chris Pine|Zoe Saldana,USA,16-May-13,Paramount Pictures|Skydance Media|Bad Robot,2013,May
414,Star Trek: The Motion Picture,G,Mystery|Science Fiction|Adventure|Sci-Fi,6.2,132 min,Robert Wise,Leonard Nimoy|James Doohan|William Shatner|DeForest Kelley,USA,8-Dec-79,Paramount Pictures|Century Associates,1979,December
415,Star Wars: Episode I - The Phantom Menace,PG,Action|Fantasy|Adventure|Science Fiction,6.25,136 min,George Lucas,Ewan McGregor|Natalie Portman|Jake Lloyd|Liam Neeson,USA,19-May-99,Lucasfilm,1999,May
416,Star Wars: Episode II - Attack of the Clones,PG,Action|Fantasy|Adventure|Science Fiction,6.3,142 min,George Lucas,Ewan McGregor|Natalie Portman|Christopher Lee|Hayden Christensen,USA,16-May-02,Lucasfilm,2002,May
417,Star Wars: Episode III - Revenge of the Sith,PG13,Action|Fantasy|Adventure|Science Fiction,7.3,140 min,George Lucas,Ewan McGregor|Natalie Portman|Ian McDiarmid|Hayden Christensen,USA,19-May-05,Lucasfilm,2005,May
418,Star Wars: The Force Awakens,PG13,Action|Fantasy|Adventure|Science Fiction,7.5,136 min,J.J. Abrams,Oscar Isaac|Mark Hamill|Domhnall Gleeson|Daisy Ridley|Harrison Ford|Carrie Fisher|John Boyega,USA,18-Dec-15,Lucasfilm|Bad Robot|Truenorth Productions,2015,December
419,Stardust,PG13,Fantasy|Adventure|Family,7.35,127 min,Matthew Vaughn,Sienna Miller|Michelle Pfeiffer|Claire Danes|Charlie Cox|Robert De Niro,UK|UK|UK,10-Aug-07,Paramount Pictures|Marv Films|Vaughn Productions,2007,August