,Unnamed: 0,Unnamed: 0.1,_id,l_MID,r_MID,l_Title,r_Title,l_Directors,r_Directors,l_Running Time,r_Running Time,l_Release Date,r_Release Date,l_Certificate,l_Genre,l_Rating,l_Stars Cast,l_Country,l_Production Company,l_Release Year,l_Release Month,r_Certificate,r_Genre,r_Rating,r_Stars Cast,r_Country,r_Production Company,r_Release Year,r_Release Month,gold_label
57,249,557,557,566,583,Dawn of the Planet of the Apes,Dawn of the Planet of the Apes,Matt Reeves,Matt Reeves,130 min,130 min,11-Jul-14,11-Jul-14,PG13,Action|Adventure|Drama,7.6,Gary Oldman|Keri Russell|Andy Serkis,USA|USA|USA,Chernin Entertainment|Ingenious Media|Soho VFX,2014.0,July,PG13,Science Fiction,9,Jason Clarke|Gary Oldman|Keri Russell|Kodi Smit-McPhee,USA,Chernin Entertainment,2014.0,July,1
70,310,676,676,671,716,Earth Girls Are Easy,Earth Girls Are Easy,Julien Temple,Julien Temple,100 min,100 min,12-May-89,12-May-89,PG,Comedy|Musical|Romance,5.3,Geena Davis|Jeff Goldblum|Jim Carrey,UK|UK|UK,De Laurentiis Entertainment Group (DEG)|Earth Girls|Kestrel Films,1989.0,May,PG,Comedy|Musical|Science Fiction,6,Geena Davis|Jeff Goldblum|Julie Brown|Jim Carrey,UK|USA,Earth Girls Are Easy|Vestron,1989.0,May,1
364,1104,2531,2531,2420,2384,The Lobster,The Court Jester,Yorgos Lanthimos,Melvin Frank|Norman Panama,119 min,101 min,16-Oct-15,24-Dec-55,R,Comedy|Drama|Romance,7.1,Colin Farrell|Rachel Weisz|Jessica Barden,Greece|Greece|Greece|Greece|Greece|Greece,Film4|Irish Film Board|Eurimages,2015.0,October,,Comedy,8,Danny Kaye|Glynis Johns|Basil Rathbone|Angela Lansbury,USA,Dena Productions|Paramount,1955.0,December,0
108,433,945,945,954,1033,Heathers,Heathers,Michael Lehmann,Michael Lehmann,103 min,102 min,31-Mar-89,31-Mar-89,R,Comedy,7.3,Winona Ryder|Christian Slater|Shannen Doherty,USA,New World Pictures|Cinemarque Entertainment,1989.0,March,R,Comedy,8,Winona Ryder|Christian Slater|Shannen Doherty|Lisanne Falk,USA,Cinemarque Entertainment|New World,1989.0,March,1
318,1141,2619,2619,2286,2410,The Gift,The Debt,Joel Edgerton,John Madden,108 min,104 min,7-Aug-15,31-Aug-11,R,Drama|Mystery|Thriller,7.1,Jason Bateman|Rebecca Hall|Joel Edgerton,USA|USA|USA,Blumhouse Productions|Ahimsa Films|Blue-Tongue Films,2015.0,August,R,Thriller,7,Helen Mirren|Sam Worthington|Jessica Chastain|Jesper Christensen,UK|USA,Marv Films,2011.0,August,0
375,1536,3826,3826,2434,2673,The Lovely Bones,The Loved One,Peter Jackson,Tony Richardson,135 min,121 min,15-Jan-10,11-Oct-65,PG13,Drama|Fantasy|Thriller,6.7,Rachel Weisz|Mark Wahlberg|Saoirse Ronan,USA|USA|USA,DreamWorks|Film4|WingNut Films,2010.0,January,NR,Comedy,8,Robert Morse|Anjanette Comer|Jonathan Winters|Rod Steiger,USA,MGM,1965.0,October,0
366,1349,3278,3278,2422,2564,The Lodgers,The Hours,Brian O'Malley,Stephen Daldry,92 min,114 min,23-Feb-18,27-Dec-02,R,Drama|Horror|Romance,5.2,Charlotte Vega|David Bradley|Moe Dunford,Ireland,Epic Pictures Group|Avatar Audio Post Production|Bowsie Workshop,2018.0,February,PG13,Drama,8,Meryl Streep|Julianne Moore|Nicole Kidman|Ed Harris,UK|USA,Miramax|Paramount Pictures|Robert Fox|Scott Rudin Productions,2002.0,December,0
416,1694,4292,4292,2528,2811,The Quiet Man,The Quiet American,John Ford,Joseph L. Mankiewicz,129 min,120 min,14-Sep-52,8-Feb-58,NOT RATED,Comedy|Drama|Romance,7.9,John Wayne|Maureen O'Hara|Barry Fitzgerald,USA,Republic Pictures (I)|Argosy Pictures,1952.0,September,,Drama|Thriller,8,Audie Murphy|Michael Redgrave|Claude Dauphin|Giorgia Moll,USA,Figaro Films|United Artists,1958.0,February,0
71,244,542,542,677,574,Edge of Darkness,Daughter of Darkness,Martin Campbell,Stuart Gordon,117 min,97 min,29-Jan-10,,R,Crime|Drama|Mystery,6.6,Mel Gibson|Ray Winstone|Danny Huston,UK|UK,Warner Bros.|GK Films|BBC Films,2010.0,January,,Horror,6,Mia Sara|Jack Coleman|Robert Reynolds|Dezso Garas,USA,King Phoenix Entertainment,,,0
211,827,1774,1774,1904,2045,Sleepy Hollow,Sleepy Hollow,Tim Burton,Tim Burton,105 min,105 min,19-Nov-99,19-Nov-99,R,Fantasy|Horror|Mystery,7.4,Johnny Depp|Christina Ricci|Miranda Richardson,Germany|Germany,Paramount Pictures|Mandalay Pictures|American Zoetrope,1999.0,November,R,Horror,7,Johnny Depp|Christina Ricci|Miranda Richardson|Michael Gambon,USA,American Zoetrope|Mandalay Pictures|Paramount|Scott Rudin,1999.0,November,1
379,1036,2326,2326,2449,2327,The Master,The Butcher,Paul Thomas Anderson,Claude Chabrol,138 min,94 min,21-Sep-12,,R,Drama,7.1,Philip Seymour Hoffman|Joaquin Phoenix|Amy Adams,USA,The Weinstein Company|Ghoulardi Film Company|Annapurna Pictures,2012.0,September,R,Thriller,9,Jean Yanne|Pasquale Ferone|Roger Rudel,France|Italy,Films la Botie|Franco London Films|Parafrance,,,0
90,203,440,440,837,443,Funny People,Cat People,Judd Apatow,Jacques Tourneur,146 min,73 min,31-Jul-09,6-Dec-42,R,Comedy|Drama,6.3,Adam Sandler|Seth Rogen|Leslie Mann,USA,Universal Pictures|Columbia Pictures|Relativity Media,2009.0,July,,Horror,10,Simone Simon|Tom Conway|Jane Randolph|Jack Holt,USA,RKO Pictures,1942.0,December,0
245,670,1448,1448,2119,1646,The Beach,On the Beach,Danny Boyle,Stanley Kramer,119 min,134 min,11-Feb-00,,R,Adventure|Drama|Romance,6.6,Leonardo DiCaprio|Daniel York|Patcharawan Patarakijjanon,USA|USA,Figment Films,2000.0,February,,Science Fiction,8,Gregory Peck|Ava Gardner|Fred Astaire|Anthony Perkins,USA,Stanley Kramer Productions|United Artists,,,0
196,766,1662,1662,1793,1919,"Sal, or the 120 Days of Sodom","Salo, or the 120 Days of Sodom",Pier Paolo Pasolini,Pier Paolo Pasolini,117 min,116 min,19-May-76,,NOT RATED,Drama|Horror|War,6.0,Paolo Bonacelli|Laura Betti|Giorgio Cataldi,Italy|Italy,Produzioni Europee Associate (PEA)|Les Productions Artistes Associs,1976.0,May,,Drama|Horror,6,Paolo Bonacelli|Giorgio Cataldi|Aldo Valletti|Caterina Boratto,France|Italy,Produzioni Europee Associati|United Artists,,,1
222,886,1882,1882,1981,2120,Star Wars: Episode IV - A New Hope,Star Wars: Episode III - Revenge of the Sith,George Lucas,George Lucas,121 min,140 min,25-May-77,19-May-05,PG,Action|Adventure|Fantasy,8.6,Mark Hamill|Harrison Ford|Carrie Fisher,USA,Lucasfilm|Twentieth Century Fox,1977.0,May,PG13,Science Fiction,7,Hayden Christensen|Ewan McGregor|Natalie Portman|Ian McDiarmid,USA,Lucasfilm,2005.0,May,0
359,1153,2653,2653,2396,2417,The Last Song,The Desert Song,Julie Anne Robinson,H. Bruce Humberstone,107 min,110 min,31-Mar-10,30-May-53,PG,Drama|Music|Romance,5.9,Miley Cyrus|Liam Hemsworth|Greg Kinnear,USA,Touchstone Pictures|Offspring Entertainment,2010.0,March,,Drama|Musical|Romance,8,Kathryn Grayson|Gordon MacRae|Steve Cochran|Raymond Massey,USA,Warner Brothers,1953.0,May,0
266,996,2220,2220,2154,2299,The Boy,The Blob,William Brent Bell,Chuck Russell,97 min,92 min,22-Jan-16,5-Aug-88,PG13,Horror|Mystery|Thriller,6.0,Lauren Cohan|Rupert Evans|James Russell,USA|USA|USA,Lakeshore Entertainment|STX Entertainment|Huayi Brothers Media,2016.0,January,R,Horror,7,Kevin Dillon|Shawnee Smith|Donovan Leitch|Jeffrey DeMunn,USA,TriStar,1988.0,August,0
181,728,1574,1574,1697,1823,Rain Man,Rain Man,Barry Levinson,Barry Levinson,133 min,133 min,16-Dec-88,16-Dec-88,R,Drama,8.0,Dustin Hoffman|Tom Cruise|Valeria Golino,USA,"United Artists|Guber-Peters Company, The|Star Partners II Ltd.",1988.0,December,R,Drama,8,Dustin Hoffman|Tom Cruise|Valeria Golino|Jack Murdock,USA,Guber-Peters Company|MGM|United Artists,1988.0,December,1
129,555,1207,1207,1273,1365,Little Women,Little Women,Gillian Armstrong,Gillian Armstrong,115 min,118 min,25-Dec-94,,PG,Drama|Family|Romance,7.3,Susan Sarandon|Winona Ryder|Kirsten Dunst,USA|USA,Columbia Pictures Corporation|DiNovi Pictures,1994.0,December,PG,Drama|Romance,8,Winona Ryder|Gabriel Byrne|Trini Alvarado|Samantha Mathis,USA,Columbia Pictures,,,1
440,1763,4514,4514,2562,2866,The Shape of Water,The Shape of Water,Guillermo del Toro,Guillermo del Toro,123 min,123 min,22-Dec-17,1-Dec-17,R,Adventure|Drama|Fantasy,7.5,Sally Hawkins|Octavia Spencer|Michael Shannon,USA,Bull Productions|Double Dare You (DDY)|Fox Searchlight Pictures,2017.0,December,R,Adventure|Fantasy,9,Sally Hawkins|Michael Shannon|Richard Jenkins|Doug Jones,USA,,2017.0,December,1
288,1135,2600,2600,2203,2406,The Cured,The Dead,David Freyne,Howard J. Ford|Jon Ford,95 min,105 min,23-Feb-18,1-Oct-11,R,Drama|Horror|Sci-Fi,5.9,Ellen Page|Sam Keeley|Tom Vaughan-Lawlor,Ireland,Bac Films|Savage Productions|Tilted Pictures,2018.0,February,R,Horror,6,Rob Freeman|David Dontoh,UK,,2011.0,October,0
29,124,270,270,288,275,Before Sunset,Before Sunrise,Richard Linklater,Richard Linklater,80 min,101 min,30-Jul-04,27-Jan-95,R,Drama|Romance,8.1,Ethan Hawke|Julie Delpy|Vernon Dobtcheff,USA,Warner Independent Pictures (WIP)|Castle Rock Entertainment|Detour Filmproduction,2004.0,July,R,Comedy Drama|Romance,9,Ethan Hawke|Julie Delpy|Hanno Pschl|Andrea Eckert,Austria|USA,,1995.0,January,0
55,447,974,974,560,1072,Dark Shadows,House of Dark Shadows,Tim Burton,Dan Curtis,113 min,97 min,11-May-12,,PG13,Comedy|Fantasy|Horror,6.2,Johnny Depp|Michelle Pfeiffer|Eva Green,USA|USA,Warner Bros.|Village Roadshow Pictures|Infinitum Nihil,2012.0,May,PG,Drama|Horror|Romance,6,Jonathan Frid|Kathryn Leigh Scott|Roger Davis|Nancy Barrett,USA,MGM,,,0
314,1653,4164,4164,2282,2779,The Gambler,The Player,Rupert Wyatt,Robert Altman,111 min,124 min,25-Dec-14,10-Apr-92,R,Crime|Drama|Thriller,6.0,Mark Wahlberg|Jessica Lange|John Goodman,USA,Paramount Pictures|Winkler Films,2014.0,December,R,Comedy,9,Tim Robbins|Greta Scacchi|Fred Ward|Whoopi Goldberg,USA,Avenue Pictures|David Brown Productions|New Line Cinema|Spelling Entertainment,1992.0,April,0
427,1771,4536,4536,2540,2871,The Ritual,The Signal,David Bruckner,David Bruckner|Dan Bush|Jacob Gentry,94 min,99 min,9-Feb-18,22-Feb-08,TVMA,Horror,6.3,Rafe Spall|Arsher Ali|Robert James-Collier,UK,Entertainment One|Imaginarium Productions,2018.0,February,R,Horror,7,AJ Bowen|Anessa Ramsey|Justin Welborn|Scott Poythress,USA,Magnolia Pictures|POP-films|Shoreline Entertainment,2008.0,February,0
231,911,1937,1937,2037,2175,Superman III,Superman II,Richard Lester,Richard Lester,125 min,127 min,17-Jun-83,,PG,Action|Comedy|Sci-Fi,4.9,Christopher Reeve|Richard Pryor|Margot Kidder,Netherlands|Netherlands|Netherlands,Dovemead Films|Cantharus Productions,1983.0,June,PG,Action|Science Fiction,8,Christopher Reeve|Gene Hackman|Margot Kidder|Ned Beatty,UK|USA,Film Export AG|Warner Brothers,,,0
224,891,1895,1895,2002,2135,Steve Jobs,Steve Jobs,Danny Boyle,Danny Boyle,122 min,122 min,23-Oct-15,9-Oct-15,R,Biography|Drama,7.2,Michael Fassbender|Kate Winslet|Seth Rogen,UK|UK,Universal Pictures|Legendary Entertainment|Scott Rudin Productions,2015.0,October,R,Drama,9,Michael Fassbender|Seth Rogen|Katherine Waterston|Kate Winslet,USA,,2015.0,October,1
403,1283,3082,3082,2499,2530,The Perfect Man,The Green Man,Mark Rosman,Elijah Moshinsky,100 min,150 min,17-Jun-05,,PG,Comedy|Family|Romance,5.5,Hilary Duff|Heather Locklear|Aria Wallace,USA,Universal Pictures|Marc Platt Productions,2005.0,June,,Horror,7,Michael Culver|Albert Finney|Nickolas Grace|Nicky Henson,UK|USA,A&E; Television Networks|BBC,,,0
204,807,1741,1741,1867,2014,Shrek,Shrek 2,Andrew Adamson|Vicky Jenson,Andrew Adamson|Kelly Asbury|Conrad Vernon,90 min,93 min,18-May-01,19-May-04,PG,Animation|Adventure|Comedy,7.9,Mike Myers|Eddie Murphy|Cameron Diaz,USA,DreamWorks Animation|DreamWorks|Pacific Data Images (PDI),2001.0,May,PG,Children's/Family|Comedy|Fantasy,8,Mike Myers|Eddie Murphy|Cameron Diaz|Julie Andrews,USA,DreamWorks Animation|Pacific Data Images,2004.0,May,0
153,641,1387,1387,1445,1518,Monsters,"Monsters, Inc.",Gareth Edwards,Pete Docter|David Silverman|Lee Unkrich,94 min,92 min,3-Dec-10,19-Dec-12,R,Drama|Sci-Fi|Thriller,6.4,Scoot McNairy|Whitney Able|Mario Zuniga Benavides,UK,Vertigo Films,2010.0,December,G,Children's/Family|Fantasy,8,John Goodman|Billy Crystal|Steve Buscemi|James Coburn,USA,Buena Vista International|Pixar Animation Studios|Walt Disney Productions,2012.0,December,0
207,654,1418,1418,1885,1566,Sing Street,Mystery Street,John Carney,John Sturges,106 min,93 min,17-Mar-16,28-Jul-50,PG13,Comedy|Drama|Music,8.0,Ferdia Walsh-Peelo|Aidan Gillen|Maria Doyle Kennedy,Ireland|Ireland|Ireland,Cosmo Films|Distressed Films|FilmNation Entertainment,2016.0,March,NR,Thriller,7,Ricardo Montalban|Sally Forrest|Elsa Lanchester|Marshall Thompson,USA,MGM,1950.0,July,0
127,542,1181,1181,1244,1343,Let Me In,Let the Right One In,Matt Reeves,Tomas Alfredson,116 min,114 min,1-Oct-10,24-Oct-08,R,Drama|Fantasy|Horror,7.1,Kodi Smit-McPhee|Chlo Grace Moretz|Richard Jenkins,UK|UK,Overture Films|Exclusive Media Group|Hammer Films,2010.0,October,R,Horror|Drama,8,Kre Hedebrant|Lina Leandersson|Per Ragnar|Henrik Dahl,Sweden,Chimney Pot|EFTI|Fido Film|Filmpool Nord|Ljudligan|Sandrew Metronome|SVT - Sveriges Television|WAG,2008.0,October,0
173,711,1532,1532,1659,1777,Pretty Baby,Pretty Woman,Louis Malle,Garry Marshall,110 min,117 min,5-Apr-78,23-Mar-90,R,Drama,6.6,Brooke Shields|Keith Carradine|Susan Sarandon,USA,Paramount Pictures,1978.0,April,R,Comedy|Romance,8,Richard Gere|Julia Roberts|Ralph Bellamy|Jason Alexander,USA,Buena Vista|Silver Screen Partners IV|Touchstone Pictures,1990.0,March,0
428,1727,4394,4394,2541,2836,The Rizen,The Road,Matt Mitchell,John Hillcoat,94 min,110 min,4-Jan-18,25-Nov-09,,Action|Horror|Sci-Fi,3.4,Julian Rhind-Tutt|Adrian Edmondson|Sally Phillips,UK,Lost Eye Films,2018.0,January,R,Science Fiction,8,Viggo Mortensen|Kodi Smit-McPhee|Robert Duvall|Charlize Theron,USA,Chockstone Pictures,2009.0,November,0
59,258,581,581,574,603,Deadpool,Deadpool,Tim Miller,Tim Miller,108 min,108 min,12-Feb-16,12-Feb-16,R,Action|Adventure|Comedy,8.0,Ryan Reynolds|Morena Baccarin|T.J. Miller,USA,Twentieth Century Fox|Marvel Entertainment|Kinberg Genre,2016.0,February,R,Action,8,Ryan Reynolds|Morena Baccarin|Ed Skrein|T.J. Miller,USA,Marvel Studios,2016.0,February,1
473,1910,5002,5002,2659,3011,There's Something About Mary,There's Something About Mary,Bobby Farrelly|Peter Farrelly,Bobby Farrelly|Peter Farrelly,119 min,118 min,15-Jul-98,15-Jul-98,R,Comedy|Romance,7.1,Cameron Diaz|Matt Dillon|Ben Stiller,USA,Twentieth Century Fox,1998.0,July,R,Comedy,8,Ben Stiller|Cameron Diaz|Matt Dillon|Lee Evans,USA,,1998.0,July,1
100,402,891,891,912,971,Grave of the Fireflies,Grave of the Fireflies,Isao Takahata,Isao Takahata,89 min,88 min,16-Apr-88,,NOT RATED,Animation|Drama|War,8.5,Tsutomu Tatsumi|Ayano Shiraishi|Akemi Yamaguchi,Japan,Shinchosha Company|Studio Ghibli,1988.0,April,,Drama,10,Tsutomu Tatsumi,Japan,,,,1
56,256,579,579,564,598,Date Night,Dead of Night,Shawn Levy,Alberto Cavalcanti|Charles Crichton|Basil Dearden|Robert Hamer,88 min,102 min,9-Apr-10,4-Sep-45,PG13,Comedy|Crime|Romance,6.3,Steve Carell|Tina Fey|Mark Wahlberg,USA,Twentieth Century Fox|21 Laps Entertainment|Dune Entertainment,2010.0,April,,Horror,9,Mervyn Johns|Michael Redgrave|Sally Ann Howes|Mary Merrall,UK,Ealing Studios|J. Arthur Rank Productions,1945.0,September,0
471,1896,4949,4949,2644,2992,The Woman,The Woman,Lucky McKee,Lucky McKee,101 min,108 min,18-Aug-11,14-Oct-11,R,Horror,6.1,Pollyanna McIntosh|Brandon Gerald Fuller|Lauren Ashley Carter,USA,Moderncin,2011.0,August,R,Horror,6,Pollyanna McIntosh|Sean Bridgers|Angela Bettis|Lauren Ashley Carter,USA,Moderncin,2011.0,October,1
310,1243,2955,2955,2273,2491,The Fog,The Fourth Man,John Carpenter,Paul Verhoeven,89 min,92 min,8-Feb-80,,R,Horror|Thriller,6.8,Adrienne Barbeau|Jamie Lee Curtis|Janet Leigh,USA,Embassy Pictures|EDI|Debra Hill Productions,1980.0,February,,Thriller,8,Thom Hoffman|Dolf de Vries|Jon de Vries|Geert de Jong,Netherlands,Verenigde Nederlandse Filmcompagnie,,,0
195,159,357,357,1791,327,Safe House,Bleak House,Daniel Espinosa,Justin Chadwick|Susanna White,115 min,480 min,10-Feb-12,,R,Action|Adventure|Crime,6.8,Denzel Washington|Ryan Reynolds|Robert Patrick,South Africa|South Africa|South Africa,Universal Pictures|Relativity Media|Bluegrass Films,2012.0,February,,Drama,8,Gillian Anderson|Patrick Kennedy|Carey Mulligan|Nathaniel Parker,UK|USA,BBC|Deep Indigo|PBS|WGBH Boston,,,0
294,1211,2882,2882,2218,2476,The Deer Hunter,The Fighter,Michael Cimino,David O. Russell,183 min,115 min,23-Feb-79,10-Dec-10,R,Drama|War,8.2,Robert De Niro|Christopher Walken|John Cazale,USA|USA,EMI Films|Universal Pictures,1979.0,February,R,Drama,9,Mark Wahlberg|Christian Bale|Amy Adams|Melissa Leo,USA,Closest to the Hole Productions|Mandeville Films|Relativity Media,2010.0,December,0
261,1270,3036,3036,2143,2513,The Book of Henry,The God of Cookery,Colin Trevorrow,Stephen Chow|Li Lik-Chi,105 min,95 min,23-Jun-17,,PG13,Crime|Drama|Thriller,6.5,Naomi Watts|Jaeden Lieberher|Jacob Tremblay,USA,Double Nickel Entertainment|Sidney Kimmel Entertainment,2017.0,June,,Comedy,8,Stephen Chow|Karen Mok|Nancy Sit|Ng Man Tat,Hong Kong,Star Overseas,,,0
420,1705,4316,4316,2530,2816,The Raid 2,The Rains Came,Gareth Evans,Clarence Brown,150 min,104 min,11-Apr-14,,R,Action|Thriller,8.0,Iko Uwais|Yayan Ruhian|Arifin Putra,Indonesia|Indonesia,Pt. Merantau Films|XYZ Films,2014.0,April,,Drama|Romance,8,Myrna Loy|Tyrone Power|George Brent|Brenda Joyce,USA,20th Century Fox,,,0
128,548,1188,1188,1249,1347,Lethal Weapon 2,Lethal Weapon 2,Richard Donner,Richard Donner,114 min,114 min,7-Jul-89,7-Jul-89,R,Action|Crime|Thriller,7.2,Mel Gibson|Danny Glover|Joe Pesci,USA,Warner Bros.|Silver Pictures,1989.0,July,R,Action,8,Mel Gibson|Danny Glover|Joe Pesci|Joss Ackland,USA,Silver Pictures|Warner Brothers,1989.0,July,1
120,511,1113,1113,1149,1215,Jumanji: Welcome to the Jungle,Jumanji: Welcome to the Jungle,Jake Kasdan,Jake Kasdan,119 min,119 min,20-Dec-17,20-Dec-17,PG13,Action|Adventure|Comedy,7.0,Dwayne Johnson|Karen Gillan|Kevin Hart,USA,Matt Tolmach Productions|Radar Pictures|Seven Bucks Productions,2017.0,December,PG13,Action|Fantasy,7,Dwayne Johnson|Jack Black|Kevin Hart|Karen Gillan,USA,Matt Tolmach Productions|Radar Pictures,2017.0,December,1
92,1582,3959,3959,854,2717,Gangster Squad,The Monster Squad,Ruben Fleischer,Fred Dekker,113 min,82 min,11-Jan-13,14-Aug-87,R,Action|Crime|Drama,6.7,Sean Penn|Ryan Gosling|Emma Stone,USA,Warner Bros.|Village Roadshow Pictures|Lin Pictures,2013.0,January,PG13,Comedy|Horror,7,Robby Kiger|Stephen Macht|Duncan Regehr|Tom Noonan,USA,HBO|Keith Barish Productions|Taft Entertainment|TriStar,1987.0,August,0
80,345,745,745,771,814,Final Destination,Final Destination,James Wong,James Wong,98 min,95 min,17-Mar-00,17-Mar-00,R,Horror|Thriller,6.7,Devon Sawa|Ali Larter|Kerr Smith,USA,New Line Cinema|Zide-Perry Productions|Hard Eight Pictures,2000.0,March,R,Horror,6,Devon Sawa|Amanda Detmer|Chad E. Donella|Ali Larter,USA,,2000.0,March,1
278,1222,2913,2913,2185,2485,The Colony,The Fly,Jeff Renfroe,David Cronenberg,95 min,96 min,20-Sep-13,15-Aug-86,NOT RATED,Action|Horror|Sci-Fi,5.3,Kevin Zegers|Laurence Fishburne|Bill Paxton,Canada,Alcina Pictures|Item 7|Mad Samurai Productions,2013.0,September,R,Horror|Science Fiction,9,Jeff Goldblum|Geena Davis|John Getz|Joy Boushel,Canada|USA,20th Century Fox|Brooks Films,1986.0,August,0
426,1404,3465,3465,2537,2599,The Rider,The Insider,Chlo Zhao,Michael Mann,104 min,157 min,13-Apr-18,5-Nov-99,R,Drama,7.6,Brady Jandreau|Tim Jandreau|Lilly Jandreau,USA,Caviar|Highwayman Films,2018.0,April,R,Drama,8,Al Pacino|Russell Crowe|Christopher Plummer|Diane Venora,USA,Forward Pass|Touchstone Pictures,1999.0,November,0
279,1127,2583,2583,2187,2401,The Commuter,The Day After,Jaume Collet-Serra,Nicholas Meyer,105 min,126 min,12-Jan-18,,PG13,Action|Crime|Drama,6.3,Liam Neeson|Vera Farmiga|Patrick Wilson,UK|UK|UK,"Ombra Films|Picture Company, The|StudioCanal",2018.0,January,,Drama|Science Fiction,9,"Jason Robards, Jr.|JoBeth Williams|Steve Guttenberg|John Cullum",USA,ABC Circle,,,0
469,1731,4407,4407,2631,2838,The Warriors,The Road Warrior,Walter Hill,George Miller,92 min,94 min,9-Feb-79,,R,Action|Crime|Thriller,7.7,Michael Beck|James Remar|Dorsey Wright,USA,Paramount Pictures,1979.0,February,R,Action,10,Mel Gibson|Virginia Hey|Syd Heylen|Emil Minty,Australia,Roadshow Distributors|Warner Brothers,,,0
304,269,604,604,2264,627,The Final Destination,Destination Moon,David R. Ellis,Irving Pichel,82 min,91 min,28-Aug-09,27-Jun-50,R,Fantasy|Horror|Mystery,5.2,Nick Zano|Krista Allen|Andrew Fiscella,USA,New Line Cinema|Practical Pictures|Parallel Zide,2009.0,August,,Science Fiction,6,Warner Anderson|Tom Powers|Dick Wesson|Ted Warde,USA,Eagle-Lion,1950.0,June,0
83,371,823,823,789,904,Flight,Gaslight,Robert Zemeckis,Thorold Dickinson,138 min,84 min,2-Nov-12,10-Nov-52,R,Drama|Thriller,7.3,Denzel Washington|Nadine Velazquez|Don Cheadle,USA,Paramount Pictures|ImageMovers|Parkes+MacDonald Image Nation,2012.0,November,,Thriller,8,Anton Walbrook|Diana Wynyard|Frank Pettingell|Cathleen Cordell,UK,British National Pictures,1952.0,November,0
461,1139,2614,2614,2622,2410,The Visit,The Debt,M. Night Shyamalan,John Madden,94 min,104 min,11-Sep-15,31-Aug-11,PG13,Horror|Thriller,6.2,Olivia DeJonge|Ed Oxenbould|Deanna Dunagan,USA,Blinding Edge Pictures|Blumhouse Productions,2015.0,September,R,Thriller,7,Helen Mirren|Sam Worthington|Jessica Chastain|Jesper Christensen,UK|USA,Marv Films,2011.0,August,0
460,1166,2706,2706,2619,2439,The Vault,The East,Dan Bush,Zal Batmanglij,91 min,116 min,1-Sep-17,31-May-13,NOT RATED,Horror|Thriller,4.8,James Franco|Scott Haze|Taryn Manning,USA,Redwire Pictures|Content Media|Culmination Productions,2017.0,September,PG13,Thriller,7,Brit Marling|Alexander Skarsgrd|Ellen Page|Toby Kebbell,USA,Dune Entertainment|Scott Free Productions,2013.0,May,0
490,1989,5139,5139,2803,3178,WALLE,WALL-E,Andrew Stanton,Andrew Stanton,98 min,98 min,27-Jun-08,27-Jun-08,G,Animation|Adventure|Family,8.4,Ben Burtt|Elissa Knight|Jeff Garlin,USA,FortyFour Studios|Pixar Animation Studios|Walt Disney Pictures,2008.0,June,G,Science Fiction,9,Ben Burtt|Elissa Knight|Jeff Garlin|Fred Willard,USA,Pixar Animation Studios|Walt Disney Pictures,2008.0,June,1
400,1311,3160,3160,2493,2540,The Pacifier,The Hammer,Adam Shankman,Charles Herman-Wurmfeld,95 min,93 min,4-Mar-05,21-Mar-08,PG,Action|Comedy|Drama,5.6,Vin Diesel|Brittany Snow|Max Thieriot,Canada|Canada,Walt Disney Pictures|Spyglass Entertainment,2005.0,March,R,Comedy,8,Adam Carolla|Heather Juergensen|Oswaldo Castillo|Tom Quinn,USA,Bentley Film Group|Eden Wurmfeld Films|International Film Circuit,2008.0,March,0
106,426,932,932,950,1018,Harry Potter and the Deathly Hallows: Part 2,Harry Potter and the Order of the Phoenix,David Yates,David Yates,130 min,139 min,15-Jul-11,3-Jul-07,PG13,Adventure|Drama|Fantasy,8.1,Daniel Radcliffe|Emma Watson|Rupert Grint,USA|USA,Warner Bros.|Heyday Films|Moving Picture Company (MPC),2011.0,July,PG13,Fantasy,8,Daniel Radcliffe|Rupert Grint|Emma Watson|Michael Gambon,USA,Heyday Film|Warner Bros. Pictures,2007.0,July,0
96,391,870,870,892,944,Golden Boy,Golden Eighties,Rouben Mamoulian,Chantal Akerman,99 min,92 min,5-Sep-39,,APPROVED,Drama|Romance,6.9,Barbara Stanwyck|Adolphe Menjou|William Holden,USA,Columbia Pictures Corporation,1939.0,September,,Comedy|Musical,8,Delphine Seyrig|Myriam Boyer|Fanny Cottenon|Lio,Belgium|France|Switzerland,French Ministry of Culture|Gerick Films|La Ccilia|Limbo Film|Paradise Films,,,0
433,1735,4411,4411,2547,2840,The Rocky Horror Picture Show,The Rocky Horror Picture Show,Jim Sharman,Jim Sharman,100 min,100 min,31-Aug-75,,R,Comedy|Musical,7.4,Tim Curry|Susan Sarandon|Barry Bostwick,UK|UK,Twentieth Century Fox|Michael White Productions,1975.0,August,R,Comedy|Horror|Musical|Science Fiction,8,Tim Curry|Susan Sarandon|Barry Bostwick|Richard O'Brien,UK,20th Century Fox,,,1
391,173,385,385,2474,370,The New World,Brave New World,Terrence Malick,Burt Brinckerhoff,135 min,150 min,20-Jan-06,,PG13,Biography|Drama|History,6.7,Colin Farrell|Q'orianka Kilcher|Christopher Plummer,USA|USA,New Line Cinema|Sunflower Productions|Sarah Green Film,2006.0,January,,Drama|Science Fiction,6,Jonelle Allen|Jeanetta Arnette|Reb Brown|Tara Buckman,USA,Universal TV,,,0
326,1263,3016,3016,2312,2504,The Grey,The Gift,Joe Carnahan,Joel Edgerton,117 min,108 min,27-Jan-12,15-Dec-15,R,Action|Adventure|Drama,6.8,Liam Neeson|Dermot Mulroney|Frank Grillo,USA,Open Road Films (II)|Inferno Distribution|LD Entertainment,2012.0,January,R,Thriller,8,Jason Bateman|Rebecca Hall|Joel Edgerton|Busy Philipps,USA,STX Entertainment,2015.0,December,0
103,411,905,905,929,985,Guardians of the Galaxy Vol. 3,Guardian of the Frontier,James Gunn,Maja Weiss,178 min,100 min,,,,Action|Adventure|Sci-Fi,,Pom Klementieff|Elizabeth Debicki,USA,Marvel Entertainment|Marvel Studios,,,,Thriller,8,Tanja Potocnik|Pia Zemlic|Iva Krajnc|Jonas Znidarsic,Germany|Slovenia,,,,0
296,964,2107,2107,2228,2278,The Dinner,The Believer,Oren Moverman,Henry Bean,120 min,98 min,5-May-17,17-May-02,R,Crime|Drama|Thriller,4.5,Michael Chernus|Taylor Rae Almonte|Steve Coogan,USA,ChubbCo Film|Blackbird|Code Red,2017.0,May,R,Drama,8,Ryan Gosling|Summer Phoenix|Theresa Russell|Billy Zane,USA,Fuller Films,2002.0,May,0
143,599,1292,1292,1397,1465,Men in Black II,Men in Black,Barry Sonnenfeld,Barry Sonnenfeld,88 min,98 min,3-Jul-02,2-Jul-97,PG13,Action|Adventure|Comedy,6.1,Tommy Lee Jones|Will Smith|Rip Torn,USA,Columbia Pictures Corporation|Columbia Pictures|Amblin Entertainment,2002.0,July,PG13,Science Fiction|Comedy,6,Tommy Lee Jones|Will Smith|Linda Fiorentino|Vincent D'Onofrio,USA,Amblin Entertainment|Columbia Pictures Industries|Inc.|Sony Pictures Entertainment,1997.0,July,0
376,1170,2718,2718,2436,2439,The Machinist,The East,Brad Anderson,Zal Batmanglij,101 min,116 min,3-Dec-04,31-May-13,R,Drama|Thriller,7.7,Christian Bale|Jennifer Jason Leigh|Aitana Snchez-Gijn,Spain,Filmax Group|Castelao Producciones|Canal+ Espaa,2004.0,December,PG13,Thriller,7,Brit Marling|Alexander Skarsgrd|Ellen Page|Toby Kebbell,USA,Dune Entertainment|Scott Free Productions,2013.0,May,0
302,1208,2872,2872,2263,2476,The Fighter,The Fighter,David O. Russell,David O. Russell,116 min,115 min,17-Dec-10,10-Dec-10,R,Biography|Drama|Sport,7.8,Mark Wahlberg|Christian Bale|Amy Adams,USA,Closest to the Hole Productions|Fighter|Mandeville Films,2010.0,December,R,Drama,9,Mark Wahlberg|Christian Bale|Amy Adams|Melissa Leo,USA,Closest to the Hole Productions|Mandeville Films|Relativity Media,2010.0,December,1
6,28,49,49,94,85,A Room with a View,A Room With a View,James Ivory,James Ivory,117 min,117 min,11-Apr-86,7-Mar-86,NOT RATED,Drama|Romance,7.4,Maggie Smith|Helena Bonham Carter|Denholm Elliott,UK,Goldcrest Films International|National Film Finance Corporation (NFFC)|Curzon Film Distributors,1986.0,April,NR,Comedy Drama|Romance,10,Maggie Smith|Helena Bonham Carter|Denholm Elliott|Julian Sands,UK,Cinecom Pictures|Goldcrest Films International|Merchant-Ivory Productions,1986.0,March,1
135,571,1245,1245,1322,1409,Mad Max,Mad Max,George Miller,George Miller,88 min,93 min,21-Mar-80,,R,Action|Adventure|Sci-Fi,7.0,Mel Gibson|Joanne Samuel|Hugh Keays-Byrne,Australia,Kennedy Miller Productions|Crossroads|Crossroads,1980.0,March,R,Action|Science Fiction,8,Mel Gibson|Joanne Samuel|Hugh Keays-Byrne|Steve Bisley,Australia,Mad Max Proprietary|Roadshow Distributors,,,1
357,1541,3843,3843,2387,2676,The Lake House,The Lure,Alejandro Agresti,Agnieszka Smoczynska,99 min,92 min,16-Jun-06,3-Feb-17,PG,Drama|Fantasy|Romance,6.8,Keanu Reeves|Sandra Bullock|Christopher Plummer,USA,Warner Bros.|Village Roadshow Pictures|Vertigo Entertainment,2006.0,June,,Comedy|Fantasy|Horror|Musical,7,Jakub Gierszal|Kinga Preis|Bartek Konopka|Zygmunt Malanowicz,Poland,WFDiF Documentary & Feature Film Studios,2017.0,February,0
240,936,1992,1992,2107,2243,The Avengers,The Abyss,Joss Whedon,James Cameron,143 min,140 min,4-May-12,9-Aug-89,PG13,Action|Adventure|Sci-Fi,8.1,Robert Downey Jr.|Chris Evans|Scarlett Johansson,USA,Marvel Studios|Paramount Pictures,2012.0,May,PG13,Science Fiction,8,Ed Harris|Mary Elizabeth Mastrantonio|Michael Biehn|Leo Burmeister,USA,20th Century Fox,1989.0,August,0
340,1355,3296,3296,2339,2571,The House That Jack Built,The House That Screamed,Lars von Trier,Narciso Ibez Serrador,0 min,104 min,29-Nov-18,12-Jan-69,,Drama|Horror|Thriller,,Riley Keough|Uma Thurman|Matt Dillon,Denmark|Denmark|Denmark|Denmark,Zentropa Entertainments|Centre National du Cinma et de l'Image|Concorde Filmverleih,2018.0,November,PG,Horror|Thriller,6,Lilli Palmer|Cristina Galbo|John Moulder-Brown|Mary Maude,Spain,Anabel Films|Franco London Films,1969.0,January,0
350,1432,3560,3560,2382,2621,The King and I,The Kingdom,Walter Lang,Morten Arnfred|Lars von Trier,133 min,279 min,29-Jun-56,,G,Biography|Drama|Musical,7.5,Yul Brynner|Deborah Kerr|Rita Moreno,USA,Twentieth Century Fox,1956.0,June,,Horror|Mystery,8,Ernst-Hugo Jregrd|Kirsten Rolffes|Holger Juul Hansen|Ghita Nrby,Denmark,ARTE|Coproduction Office|Danmarks Radio|SVT|WDR TV|Zentropa,,,0
450,1832,4713,4713,2593,2929,The Thing,The Tingler,John Carpenter,William Castle,109 min,81 min,25-Jun-82,,R,Horror|Mystery|Sci-Fi,8.1,Kurt Russell|Wilford Brimley|Keith David,USA,Universal Pictures|Turman-Foster Company,1982.0,June,NR,Horror|Thriller,6,Vincent Price|Judith Evelyn|Darryl Hickman|Philip Coolidge,USA,Columbia Pictures,,,0
63,275,619,619,611,634,Die Hard with a Vengeance,Die Hard With a Vengeance,John McTiernan,John McTiernan,128 min,128 min,19-May-95,19-May-95,R,Action|Adventure|Thriller,7.6,Bruce Willis|Jeremy Irons|Samuel L. Jackson,USA,Cinergi Pictures Entertainment|Twentieth Century Fox,1995.0,May,R,Action,8,Bruce Willis|Jeremy Irons|Samuel L. Jackson|Graham Greene,USA,20th Century Fox,1995.0,May,1
325,1254,2994,2994,2312,2501,The Grey,The Ghost,Joe Carnahan,Riccardo Freda,117 min,96 min,27-Jan-12,30-Mar-63,R,Action|Adventure|Drama,6.8,Liam Neeson|Dermot Mulroney|Frank Grillo,USA,Open Road Films (II)|Inferno Distribution|LD Entertainment,2012.0,January,,Horror,6,Reginald Price Anderson|Peter Baldwin|Leonard Elliott|Umberto Raho,Italy,,1963.0,March,0
283,1086,2491,2491,2189,2372,The Conjuring,The Congress,James Wan,Ari Folman,112 min,117 min,19-Jul-13,29-Aug-14,R,Horror|Mystery|Thriller,7.5,Patrick Wilson|Vera Farmiga|Ron Livingston,USA,"New Line Cinema|Safran Company, The|Evergreen Media Group",2013.0,July,,Science Fiction,6,Robin Wright|Harvey Keitel|Danny Huston|Paul Giamatti,Belgium|France,Bridgit Folman Film Gang|Entre Chien et Loup|Liverpool|Opus Film|Pandora Filmproduktion|Paul Thiltges Distributions,2014.0,August,0
463,1572,3924,3924,2624,2706,The Void,The Mend,Jeremy Gillespie|Steven Kostanski,John Magary,90 min,111 min,7-Apr-17,21-Aug-15,NOT RATED,Horror|Mystery|Sci-Fi,5.8,Aaron Poole|Kenneth Welsh|Daniel Fathers,USA|USA|USA,120dB Films|Cave Painting Pictures|JoBro Productions & Film Finance,2017.0,April,,Comedy,8,Josh Lucas|Stephen Plunkett|Lucy Owen|Mickey Sumner,USA,,2015.0,August,0
389,1593,3993,3993,2468,2736,The Negotiator,The Neighbor,F. Gary Gray,Rodney Gibbons,140 min,93 min,29-Jul-98,,R,Action|Crime|Drama,7.3,Samuel L. Jackson|Kevin Spacey|David Morse,Germany|Germany,Regency Enterprises|Mandeville Films|New Regency Pictures,1998.0,July,R,Horror,6,Rod Steiger|Linda Kozlowski|Ron Lea|Jane Wheeler,Canada|USA,,,,0
343,1716,4358,4358,2359,2830,The Immigrant,The Revenant,James Gray,Alejandro G. Irritu,120 min,156 min,23-May-14,25-Dec-15,R,Drama|Romance,6.6,Marion Cotillard|Joaquin Phoenix|Jeremy Renner,USA,Worldview Entertainment|Keep Your Head|Kingsgate Films,2014.0,May,R,Action|Drama,10,Leonardo DiCaprio|Tom Hardy|Domhnall Gleeson|Will Poulter,USA,Anonymous Content|New Regency|RatPac Entertainment,2015.0,December,0
422,1741,4438,4438,2532,2842,The Reader,The Rover,Stephen Daldry,David Michd,124 min,103 min,30-Jan-09,13-Jun-14,R,Drama|Romance,7.6,Kate Winslet|Ralph Fiennes|Bruno Ganz,USA|USA,The Weinstein Company|Mirage Enterprises|Studio Babelsberg,2009.0,January,R,Science Fiction|Western,8,Robert Pattinson|Guy Pearce|Scoot McNairy|David Field,Australia,Lava Bear Films|Porchlight Films,2014.0,June,0
95,96,216,216,890,217,Godzilla: Planet of the Monsters,Attack of the Crab Monsters,Hiroyuki Seshita|Kbun Shizuno,Roger Corman,89 min,62 min,17-Jan-18,10-Feb-57,TV14,Animation|Sci-Fi,6.0,Mamoru Miyano|Takahiro Sakurai|Kana Hanazawa,Japan,Polygon Pictures|Toho Company,2018.0,January,,Horror|Science Fiction|Thriller,6,Richard Garland|Pamela Duncan|Russell Johnson|Leslie E. Bradley,USA,Allied Artists,1957.0,February,0
233,832,1783,1783,2042,2058,Sweet Country,Snow Country,Warwick Thornton,Shiro Toyoda,113 min,104 min,6-Apr-18,,R,Adventure|Crime|Drama,7.4,Bryan Brown|Matt Day|Tremayne Doolan,Australia,Bunya Productions|Sweet Country Films,2018.0,April,,Drama|Romance,8,Etsuko Ichihara|Daisuke Kato|Akira Kubo|Eiko Miyoshi,Japan,,,,0
474,1911,5006,5006,2660,3015,They Live,They Live,John Carpenter,John Carpenter,94 min,93 min,4-Nov-88,4-Nov-88,R,Action|Horror|Sci-Fi,7.3,Roddy Piper|Keith David|Meg Foster,USA,Alive Films|Larry Franco Productions,1988.0,November,R,Horror|Science Fiction,7,"Roddy Piper|Keith David|Meg Foster|George ""Buck"" Flower",USA,Alive Enterprises|Universal,1988.0,November,1
332,1891,4928,4928,2317,2990,The Gunman,The Wolf Man,Pierre Morel,George Waggner,115 min,70 min,20-Mar-15,12-Dec-41,R,Action|Crime|Drama,5.8,Sean Penn|Idris Elba|Jasmine Trinca,USA|USA|USA|USA,StudioCanal|Anton Capital Entertainment (ACE)|Silver Pictures,2015.0,March,,Horror,8,"Lon Chaney, Jr.|Claude Rains|Warren William|Evelyn Ankers",USA,Universal,1941.0,December,0
136,573,1247,1247,1322,1410,Mad Max,Mad Max: Fury Road,George Miller,George Miller,88 min,120 min,21-Mar-80,15-May-15,R,Action|Adventure|Sci-Fi,7.0,Mel Gibson|Joanne Samuel|Hugh Keays-Byrne,Australia,Kennedy Miller Productions|Crossroads|Crossroads,1980.0,March,R,Action,9,Tom Hardy|Charlize Theron|Nicholas Hoult|Abbey Lee,Australia|USA,,2015.0,May,0
411,1416,3516,3516,2522,2615,The Punisher,The Killer,Jonathan Hensleigh,John Woo,124 min,110 min,16-Apr-04,,R,Action|Adventure|Crime,6.5,Thomas Jane|John Travolta|Samantha Mathis,USA|USA,Lions Gate Films|Marvel Enterprises|Valhalla Motion Pictures,2004.0,April,R,Action|Crime,10,Chow Yun-Fat|Danny Lee|Sally Yeh|Kenneth Tsang,Hong Kong,Golden Princess Films|Magnum Entertainment,,,0
486,1975,5111,5111,2773,3142,V for Vendetta,V for Vendetta,James McTeigue,James McTeigue,132 min,131 min,17-Mar-06,17-Mar-06,R,Action|Drama|Sci-Fi,8.2,Hugo Weaving|Natalie Portman|Rupert Graves,USA|USA|USA,Warner Bros.|Virtual Studios|Silver Pictures,2006.0,March,R,Thriller,7,Natalie Portman|Hugo Weaving|Stephen Rea|Stephen Fry,USA,Anarchos Productions Inc.|Fnfte Babelsburg Film|Silver Pictures|Virtual Studios|Warner Bros. Entertainment Incorporated,2006.0,March,1
214,838,1789,1789,1926,2066,Some Like It Hot,Some Like It Hot,Billy Wilder,Billy Wilder,121 min,120 min,14-Apr-59,,NOT RATED,Comedy|Romance,8.3,Marilyn Monroe|Tony Curtis|Jack Lemmon,USA,"Ashton Productions|Mirisch Corporation, The",1959.0,April,NR,Comedy,10,Marilyn Monroe|Tony Curtis|Jack Lemmon|George Raft,USA,Ashton Productions|Mirisch Company|United Artists,,,1
320,1468,3682,3682,2292,2648,The Giver,The Letter,Phillip Noyce,William Wyler,97 min,95 min,15-Aug-14,,PG13,Drama|Romance|Sci-Fi,6.5,Brenton Thwaites|Jeff Bridges|Meryl Streep,South Africa|South Africa|South Africa,Tonik Productions|Asis Productions|Canada Film Capital,2014.0,August,NR,Drama,9,Bette Davis|Herbert Marshall|James Stephenson|Frieda Inescort,USA,Warner Brothers,,,0
159,650,1408,1408,1475,1544,Mud,Mud,Jeff Nichols,Jeff Nichols,130 min,130 min,10-May-13,26-Apr-13,PG13,Drama,7.4,Matthew McConaughey|Tye Sheridan|Jacob Lofland,USA,Lionsgate|Everest Entertainment|Brace Cove Productions,2013.0,May,PG13,Drama,8,Matthew McConaughey|Tye Sheridan|Jacob Lofland|Reese Witherspoon,USA,Brace Cove Prods.|Everest Entertainment|FilmNation Entertainment,2013.0,April,1
430,1576,3938,3938,2542,2706,The Road,The Mend,John Hillcoat,John Magary,111 min,111 min,18-Dec-09,21-Aug-15,R,Adventure|Drama,7.3,Viggo Mortensen|Charlize Theron|Kodi Smit-McPhee,USA,Dimension Films|2929 Productions|Nick Wechsler Productions,2009.0,December,,Comedy,8,Josh Lucas|Stephen Plunkett|Lucy Owen|Mickey Sumner,USA,,2015.0,August,0
98,399,883,883,905,960,Goosebumps,Goosebumps,Rob Letterman,Rob Letterman,103 min,103 min,16-Oct-15,16-Oct-15,PG,Adventure|Comedy|Family,6.3,Jack Black|Dylan Minnette|Odeya Rush,USA|USA,Columbia Pictures|Expedition Films|LStar Capital,2015.0,October,PG,Action|Horror,6,Jack Black|Dylan Minnette|Odeya Rush|Amy Ryan,USA,Original Film|Sony Pictures,2015.0,October,1
442,1772,4538,4538,2566,2872,The Signal,The Silence,William Eubank,Baran bo Odar,97 min,119 min,10-Jul-14,8-Mar-13,PG13,Sci-Fi|Thriller,6.1,Brenton Thwaites|Olivia Cooke|Beau Knapp,USA,Automatik|Low Spark Films|Signal Film Group,2014.0,July,,Thriller,7,Ulrich Thomsen|Wotan Wilke Mhring|Katrin Sass|Burghart Klauner,Germany,ARTE|cine plus Filmproduktion GmbH|DFFF|FFA|Film Fernseh Fond Bayern|lthje schneider hrl FILM|Medienboard Berlin-Brandenburg|Mitt eldeuts che Medienfrderung|ZDF,2013.0,March,0
215,842,1799,1799,1932,2075,Sophie's Choice,Sophie's Choice,Alan J. Pakula,Alan J. Pakula,150 min,157 min,4-Mar-83,,R,Drama|Romance,7.7,Meryl Streep|Kevin Kline|Peter MacNicol,UK|UK,Incorporated Television Company (ITC)|Keith Barish Productions,1983.0,March,R,Drama,8,Meryl Streep|Kevin Kline|Peter MacNicol|Rita Karin,USA,Associated Film Distribution|ITC Entertainment|Keith Barish Productions|Universal,,,1
132,565,1235,1235,1309,1397,Loveless,Lovers,Andrey Zvyagintsev,Vicente Aranda,127 min,105 min,1-Jun-17,12-Apr-91,R,Drama,7.7,Maryana Spivak|Aleksey Rozin|Matvey Novikov,Russia|Russia|Russia|Russia|Russia,Fetisoff Illusion|Non-Stop Productions|Fetisoff Illusion,2017.0,June,R,Drama|Romance,8,Victoria Abril|Jorge Sanz|Maribel Verd|Gabriel Latorre,Spain,Pedro Costa PC|TVE,1991.0,April,0
290,1128,2584,2584,2211,2401,The Dark Tower,The Day After,Nikolaj Arcel,Nicholas Meyer,95 min,126 min,4-Aug-17,,PG13,Action|Adventure|Fantasy,5.7,Idris Elba|Matthew McConaughey|Tom Taylor,USA,Sony Pictures Entertainment (SPE)|Media Rights Capital (MRC)|Imagine Entertainment,2017.0,August,,Drama|Science Fiction,9,"Jason Robards, Jr.|JoBeth Williams|Steve Guttenberg|John Cullum",USA,ABC Circle,,,0
443,1779,4550,4550,2569,2877,The Sixth Sense,The Sixth Sense,M. Night Shyamalan,M. Night Shyamalan,107 min,105 min,6-Aug-99,6-Aug-99,PG13,Drama|Mystery|Thriller,8.1,Bruce Willis|Haley Joel Osment|Toni Collette,USA,"Hollywood Pictures|Spyglass Entertainment|Kennedy/Marshall Company, The",1999.0,August,PG13,Thriller,8,Bruce Willis|Haley Joel Osment|Toni Collette|Olivia Williams,USA,Hollywood Pictures|Spyglass Entertainment,1999.0,August,1
124,568,1240,1240,1220,1405,Lady Macbeth,Macbeth,William Oldroyd,Roman Polanski,89 min,140 min,14-Jul-17,13-Oct-71,R,Drama|Romance,6.9,Florence Pugh|Cosmo Jarvis|Paul Hilton,UK,Sixty Six Pictures|BBC Films|British Film Institute (BFI),2017.0,July,R,Drama,9,Jon Finch|Francesca Annis|Martin Shaw|Nicholas Selby,UK,Columbia Pictures|Playboy Entertainment Group,1971.0,October,0
5,27,47,47,88,76,A Nightmare on Elm Street,A Nightmare on Elm Street,Wes Craven,Wes Craven,91 min,92 min,16-Nov-84,9-Nov-84,R,Horror,7.5,Heather Langenkamp|Johnny Depp|Robert Englund,USA,New Line Cinema|Media Home Entertainment|Smart Egg Pictures,1984.0,November,R,Horror,9,John Saxon|Ronee Blakley|Heather Langenkamp|Amanda Wyss,USA,Media Home Entertainment|New Line Cinema|Smart Egg Pictures,1984.0,November,1
210,825,1771,1771,1901,2044,Sleepless,Sleepless Night,Baran bo Odar,Frederic Jardin,95 min,103 min,13-Jan-17,11-May-12,R,Action|Crime|Thriller,5.6,Jamie Foxx|Michelle Monaghan|Dermot Mulroney,USA,FilmNation Entertainment|Open Road Films (II)|Riverstone Pictures,2017.0,January,NR,Thriller,8,Dominique Bettenfeld|Adel Bencherif|Julien Boisselier|Ccile Boland,Belgium|France|Luxembourg,Chic Films|Motion Investment Group|Paul Thiltges Distributions|Saga Film,2012.0,May,0
44,198,432,432,430,433,Carriers,Carrie,David Pastor|lex Pastor,Brian De Palma,84 min,98 min,2-Sep-09,,PG13,Drama|Horror|Sci-Fi,6.0,Chris Pine|Piper Perabo|Lou Taylor Pucci,USA,Paramount Vantage|Likely Story|This Is That Productions,2009.0,September,R,Horror,9,Sissy Spacek|Piper Laurie|Amy Irving|William Katt,USA,United Artists,,,0
116,584,1265,1265,1087,1435,Iron Man,Marathon Man,Jon Favreau,John Schlesinger,126 min,125 min,2-May-08,,PG13,Action|Adventure|Sci-Fi,7.9,Robert Downey Jr.|Gwyneth Paltrow|Terrence Howard,USA,Paramount Pictures|Marvel Enterprises|Marvel Studios,2008.0,May,R,Thriller,9,Dustin Hoffman|Laurence Olivier|Roy Scheider|William Devane,USA,Paramount,,,0
424,1715,4354,4354,2536,2829,The Revenant,The Return,Alejandro G. Irritu,Andrei Zvyagintsev,156 min,110 min,8-Jan-16,6-Feb-04,R,Adventure|Drama|History,8.0,Leonardo DiCaprio|Tom Hardy|Will Poulter,USA|USA|USA,Regency Enterprises|RatPac Entertainment|New Regency Pictures,2016.0,January,,Drama,8,Ivan Dobronravov|Vladimir Garin|Konstantin Lavronenko|Natalya Vdovina,Russia,REN TV,2004.0,February,0
487,1976,5112,5112,2776,3143,Valerian and the City of a Thousand Planets,Valerian and the City of a Thousand Planets,Luc Besson,Luc Besson,137 min,137 min,21-Jul-17,21-Jul-17,PG13,Action|Adventure|Fantasy,6.5,Dane DeHaan|Cara Delevingne|Clive Owen,France|France|France|France|France|France,EuropaCorp|Fundamental Films|Grive Productions,2017.0,July,PG13,Action|Science Fiction,6,Dane DeHaan|Cara Delevingne|Clive Owen|Rihanna,France,Belga Films|Fundamental Films|RIver Road Entertainment,2017.0,July,1
162,671,1450,1450,1566,1647,On the Waterfront,On the Waterfront,Elia Kazan,Elia Kazan,108 min,107 min,22-Jun-54,,NOT RATED,Crime|Drama|Thriller,8.2,Marlon Brando|Karl Malden|Lee J. Cobb,USA,Columbia Pictures Corporation|Horizon Pictures,1954.0,June,NR,Drama,10,Marlon Brando|Karl Malden|Lee J. Cobb|Rod Steiger,USA,Columbia Pictures,,,1
383,1562,3913,3913,2450,2703,The Matrix,The Matrix,Lana Wachowski|Lilly Wachowski,Andy Wachowski|Larry Wachowski,136 min,136 min,31-Mar-99,31-Mar-99,R,Action|Sci-Fi,8.7,Keanu Reeves|Laurence Fishburne|Carrie-Anne Moss,USA,Warner Bros.|Village Roadshow Pictures|Groucho Film Partnership,1999.0,March,R,Science Fiction,10,Keanu Reeves|Laurence Fishburne|Carrie-Anne Moss|Hugo Weaving,USA,Groucho II Film Partnership|Silver Pictures|Village Roadshow Pictures,1999.0,March,1
41,189,416,416,419,420,Captain America: The First Avenger,Captain America: The First Avenger,Joe Johnston,Joe Johnston,124 min,123 min,22-Jul-11,22-Jul-11,PG13,Action|Adventure|Sci-Fi,6.9,Chris Evans|Hugo Weaving|Samuel L. Jackson,USA,Paramount Pictures|Marvel Entertainment|Marvel Studios,2011.0,July,PG13,Action,8,Chris Evans|Hayley Atwell|Sebastian Stan|Tommy Lee Jones,USA,Marvel Studios,2011.0,July,1
317,1457,3639,3639,2285,2639,The Ghost Writer,The Last Winter,Roman Polanski,Larry Fessenden,128 min,100 min,19-Mar-10,19-Sep-07,PG13,Drama|Mystery|Thriller,7.2,Ewan McGregor|Pierce Brosnan|Olivia Williams,France|France|France,R.P. Productions|France 2 Cinma|Studio Babelsberg,2010.0,March,,Thriller,8,Ron Perlman|James LeGros|Connie Britton|Zach Gilford,Iceland|USA,Antidote Films|IFC First Take|Zik Zak Filmworks,2007.0,September,0
341,1599,4007,4007,2351,2740,The Hunter's Prayer,The Night of the Hunter,Jonathan Mostow,Charles Laughton,91 min,93 min,9-Jun-17,,R,Action|Thriller,5.5,Sam Worthington|Odeya Rush|Allen Leech,USA|USA|USA,Apollo Media|Elipsis Capital|FilmEngine,2017.0,June,,Thriller,10,Robert Mitchum|Shelley Winters|Lillian Gish|Billy Chapin,USA,United Artists,,,0
248,968,2130,2130,2124,2282,The Best of Me,The Best Man,Michael Hoffman,Franklin J. Schaffner,118 min,104 min,17-Oct-14,5-Apr-64,PG13,Drama|Romance,6.7,James Marsden|Michelle Monaghan|Luke Bracey,USA,DiNovi Pictures|Relativity Media,2014.0,October,,Comedy,8,Henry Fonda|Cliff Robertson|Edie Adams|Margaret Leighton,USA,United Artists,1964.0,April,0
448,1794,4609,4609,2582,2902,The Strangers,The Strange Case of Angelica,Bryan Bertino,Manoel de Oliveira,86 min,94 min,30-May-08,29-Dec-10,R,Horror|Mystery|Thriller,6.2,Scott Speedman|Liv Tyler|Gemma Ward,USA,Rogue Pictures|Intrepid Pictures|Vertigo Entertainment,2008.0,May,NR,Fantasy,8,Ricardo Trpa|Luis Miguel Cintra|Pilar Lpez deAyala|Ana Maria Magalhaes,Brazil|France|Portugal|Spain,,2010.0,December,0
339,1351,3285,3285,2338,2567,The House Bunny,The House of Rothschild,Fred Wolf,Alfred L. Werker,97 min,86 min,22-Aug-08,7-Apr-34,PG13,Comedy|Romance,5.5,Anna Faris|Colin Hanks|Emma Stone,USA,Columbia Pictures|Relativity Media|Happy Madison Productions,2008.0,August,,Drama|Romance,8,George Arliss|Boris Karloff|Loretta Young|Robert Young,USA,20th Century Fox|Franco London Films,1934.0,April,0
252,1767,4524,4524,2131,2869,The Big Wedding,The Shining,Justin Zackham,Stanley Kubrick,89 min,144 min,26-Apr-13,23-May-80,R,Comedy|Drama|Romance,5.6,Robert De Niro|Diane Keaton|Katherine Heigl,USA,Two Ton Films|Millennium Films,2013.0,April,R,Drama|Horror,9,Jack Nicholson|Shelley Duvall|Danny Lloyd|Scatman Crothers,UK|USA,Producer's Circle|Stanley Kubrick Productions|Warner Brothers,1980.0,May,0
476,1922,5026,5026,2679,3048,Titanic,Titanic,James Cameron,James Cameron,194 min,195 min,19-Dec-97,19-Dec-12,PG13,Drama|Romance,7.8,Leonardo DiCaprio|Kate Winslet|Billy Zane,USA,Twentieth Century Fox|Paramount Pictures|Lightstorm Entertainment,1997.0,December,PG13,Epic|Romance|Drama,10,Leonardo DiCaprio|Kate Winslet|Billy Zane|Kathy Bates,USA,20th Century Fox|Lightstorm Entertainment,2012.0,December,1
307,1446,3577,3577,2269,2629,The First Time,The Land Before Time,Jonathan Kasdan,Don Bluth,95 min,69 min,7-Feb-13,18-Nov-88,PG13,Comedy|Drama|Romance,6.9,Dylan O'Brien|Britt Robertson|Victoria Justice,USA,Samuel Goldwyn Films|Destination Films|Jerimaca Film,2013.0,February,G,Children's/Family|Fantasy,8,Gabriel Damon|Judith Barsi|Will Ryan|Bill Erwin,USA,Amblin Entertainment|Lucasfilm|MCA Entertainment|Sullivan Bluth Studios Ireland|Universal,1988.0,November,0
293,1182,2755,2755,2218,2453,The Deer Hunter,The Entertainer,Michael Cimino,Tony Richardson,183 min,97 min,23-Feb-79,25-Jul-60,R,Drama|War,8.2,Robert De Niro|Christopher Walken|John Cazale,USA|USA,EMI Films|Universal Pictures,1979.0,February,,Drama,9,Laurence Olivier|Brenda de Banzie|Joan Plowright|Roger Livesey,UK,Continental,1960.0,July,0
329,510,1111,1111,2313,1210,The Grudge,Ju-on: The Grudge,Takashi Shimizu,Takashi Shimizu,91 min,90 min,22-Oct-04,23-Jul-04,PG13,Horror|Mystery|Thriller,5.9,Sarah Michelle Gellar|Jason Behr|Clea DuVall,USA|USA,Columbia Pictures|Ghost House Pictures|Fellah Pictures,2004.0,October,R,Horror,6,Megumi Okina|Misaki Ito|Yui Ichikawa|Kanji Tsuda,Japan,Aozora Investment|Nikkatsu|Oz Company|Pioneer LDC|Xanadeux,2004.0,July,1
0,9,16,16,32,23,2001: A Space Odyssey,2001: A Space Odyssey,Stanley Kubrick,Stanley Kubrick,149 min,139 min,12-May-68,5-Oct-01,G,Adventure|Sci-Fi,8.3,Keir Dullea|Gary Lockwood|William Sylvester,UK|UK,Metro-Goldwyn-Mayer (MGM)|Stanley Kubrick Productions,1968.0,May,G,Science Fiction,10,Keir Dullea|Gary Lockwood|William Sylvester|Daniel Richter,UK|USA,MGM,2001.0,October,1
1,12,20,20,35,26,21 Jump Street,22 Jump Street,Phil Lord|Christopher Miller,Phil Lord|Christopher Miller,109 min,112 min,16-Mar-12,13-Jun-14,R,Action|Comedy|Crime,7.2,Jonah Hill|Channing Tatum|Ice Cube,USA,Columbia Pictures|Metro-Goldwyn-Mayer (MGM)|Relativity Media,2012.0,March,R,Action|Comedy,9,Jonah Hill|Channing Tatum|Peter Stormare|Ice Cube,USA,Cannell Studios|Original Film,2014.0,June,0
270,1303,3143,3143,2163,2540,The Butler,The Hammer,Lee Daniels,Charles Herman-Wurmfeld,132 min,93 min,16-Aug-13,21-Mar-08,PG13,Biography|Drama,7.2,Forest Whitaker|Oprah Winfrey|John Cusack,USA,Follow Through Productions|Salamander Pictures|Laura Ziskin Productions,2013.0,August,R,Comedy,8,Adam Carolla|Heather Juergensen|Oswaldo Castillo|Tom Quinn,USA,Bentley Film Group|Eden Wurmfeld Films|International Film Circuit,2008.0,March,0
212,1581,3954,3954,1909,2714,Slumdog Millionaire,The Millionairess,Danny Boyle|Loveleen Tandan,Anthony Asquith,120 min,90 min,25-Dec-08,,R,Drama|Romance,8.0,Dev Patel|Freida Pinto|Saurabh Shukla,UK|UK|UK,Warner Bros.|Celador Films|Film4,2008.0,December,,Comedy,8,Sophia Loren|Peter Sellers|Alastair Sim|Vittorio De Sica,UK,20th Century Fox,,,0
358,1454,3624,3624,2395,2637,The Last Samurai,The Last Starfighter,Edward Zwick,"Nick Castle, Jr.",154 min,100 min,5-Dec-03,13-Jul-84,R,Action|Drama|History,7.7,Tom Cruise|Ken Watanabe|Billy Connolly,USA|USA|USA,"Warner Bros.|Bedford Falls Company, The|Cruise/Wagner Productions",2003.0,December,PG,Science Fiction,7,Lance Guest|Robert Preston|Dan O'Herlihy|Catherine Stewart,USA,Universal,1984.0,July,0
219,859,1834,1834,1958,2100,Spotlight,Spotlight,Tom McCarthy,Tom McCarthy,128 min,128 min,20-Nov-15,6-Nov-15,R,Crime|Drama|History,8.1,Mark Ruffalo|Michael Keaton|Rachel McAdams,USA,Participant Media|Anonymous Content|Rocklin \ Faust,2015.0,November,R,Drama,9,Michael Keaton|Mark Ruffalo|Rachel McAdams|Liev Schreiber,USA,Anonymous Content,2015.0,November,1
344,1388,3416,3416,2360,2589,The Impossible,The Impossible,J.A. Bayona,Juan Antonio Bayona,114 min,107 min,4-Jan-13,21-Dec-13,PG13,Drama|Thriller,7.6,Naomi Watts|Ewan McGregor|Tom Holland,Spain|Spain,Mediaset Espaa|Summit Entertainment|Apaches Entertainment,2013.0,January,PG13,Drama,8,Naomi Watts|Ewan McGregor|Tom Holland|Samuel Joslin,Spain,Apaches Entertainment|Canal Plus|Generalitat Valenciana|ICAA|IVAC|La Trini|Mediaset Espaa|Telecinco Cinema,2013.0,December,1
17,71,166,166,171,159,American Reunion,American Psycho,Jon Hurwitz|Hayden Schlossberg,Mary Harron,113 min,97 min,6-Apr-12,14-Apr-00,R,Comedy,6.7,Jason Biggs|Alyson Hannigan|Seann William Scott,USA,Universal Pictures|Practical Pictures|Relativity Media,2012.0,April,R,Comedy|Thriller,7,Christian Bale|Willem Dafoe|Jared Leto|Reese Witherspoon,USA,Edward R. Pressman Film Corporation,2000.0,April,0
259,1078,2466,2466,2141,2367,The Bone Collector,The Collector,Phillip Noyce,William Wyler,118 min,119 min,5-Nov-99,,R,Crime|Drama|Mystery,6.7,Denzel Washington|Angelina Jolie|Queen Latifah,USA|USA,Columbia Pictures Corporation|Universal Pictures|Mel's Cite du Cinema,1999.0,November,NR,Thriller,8,Terence Stamp|Samantha Eggar|Maurice Dallimore|Mona Washbourne,UK|USA,Columbia Pictures,,,0
475,1119,2570,2570,2669,2396,Thor: The Dark World,The Dark Knight,Alan Taylor,Christopher Nolan,112 min,152 min,8-Nov-13,18-Jul-09,PG13,Action|Adventure|Sci-Fi,7.0,Chris Hemsworth|Natalie Portman|Tom Hiddleston,USA,Marvel Studios|Walt Disney Pictures,2013.0,November,PG13,Crime|Action,9,Christian Bale|Heath Ledger|Aaron Eckhart|Michael Caine,USA,Warner Bros. Pictures,2009.0,July,0
105,423,929,929,950,1015,Harry Potter and the Deathly Hallows: Part 2,"Harry Potter and the Deathly Hallows, Part 1",David Yates,David Yates,130 min,146 min,15-Jul-11,19-Nov-10,PG13,Adventure|Drama|Fantasy,8.1,Daniel Radcliffe|Emma Watson|Rupert Grint,USA|USA,Warner Bros.|Heyday Films|Moving Picture Company (MPC),2011.0,July,PG13,Children's/Family|Fantasy,8,Daniel Radcliffe|Emma Watson|Rupert Grint|Helena Bonham Carter,USA,Heydey Films,2010.0,November,0
405,1641,4130,4130,2506,2771,The Piano,The Piano,Jane Campion,Jane Campion,121 min,120 min,11-Feb-94,12-Nov-94,R,Drama|Music|Romance,7.6,Holly Hunter|Harvey Keitel|Sam Neill,New Zealand|New Zealand|New Zealand,"CiBy 2000|Jan Chapman Productions|Australian Film Commission, The",1994.0,February,R,Drama,10,Holly Hunter|Harvey Keitel|Sam Neill|Anna Paquin,Australia|France,CiBy 2000,1994.0,November,1
76,330,718,718,729,774,Ex Machina,Ex Machina,Alex Garland,Alex Garland,108 min,108 min,24-Apr-15,10-Apr-15,R,Drama|Mystery|Sci-Fi,7.7,Alicia Vikander|Domhnall Gleeson|Oscar Isaac,UK,Universal Pictures International (UPI)|Film4|DNA Films,2015.0,April,R,Science Fiction|Thriller,9,Alicia Vikander|Oscar Isaac|Domhnall Gleeson|Claire Selby,UK|USA,,2015.0,April,1
137,892,1897,1897,1341,2142,Man on the Moon,Stowaway to the Moon,Milos Forman,Andrew V. McLaglen,118 min,97 min,22-Dec-99,,R,Biography|Comedy|Drama,7.4,Jim Carrey|Danny DeVito|Gerry Becker,UK|UK|UK|UK,Universal Pictures|Mutual Film Company|Jersey Films,1999.0,December,,Adventure|Children's/Family|Science Fiction,6,Peter Conrad|Lloyd Bridges|Walter Brooke|Jack Callahan,USA,20th Century Fox Television,,,0
398,1792,4600,4600,2490,2897,The Others,The Storm Riders,Alejandro Amenbar,Andrew Lau,104 min,126 min,10-Aug-01,31-Aug-98,PG13,Horror|Mystery|Thriller,7.6,Nicole Kidman|Christopher Eccleston|Fionnula Flanagan,USA|USA|USA|USA,Cruise/Wagner Productions|Sogecine|Las Producciones del Escorpin,2001.0,August,PG13,Fantasy,8,Aaron Kwok|Ekin Cheng|Sonny Chiba|Michael Tse,Hong Kong,Bob & Partners|Centro Digital Pictures|Tian Shan Film Studio,1998.0,August,0
493,1998,5155,5155,2819,3194,Wayne's World,Wayne's World,Penelope Spheeris,Penelope Spheeris,94 min,93 min,14-Feb-92,14-Feb-92,PG13,Comedy|Music,7.0,Mike Myers|Dana Carvey|Rob Lowe,USA,Paramount Pictures,1992.0,February,PG13,Comedy,8,Mike Myers|Dana Carvey|Rob Lowe|Tia Carrere,USA,Paramount,1992.0,February,1
251,979,2190,2190,2129,2291,The Big Short,The Birds,Adam McKay,Alfred Hitchcock,130 min,119 min,23-Dec-15,,R,Biography|Comedy|Drama,7.8,Christian Bale|Steve Carell|Ryan Gosling,USA,Plan B Entertainment|Regency Enterprises,2015.0,December,PG13,Horror,8,Rod Taylor|Tippi Hedren|Jessica Tandy|Suzanne Pleshette,USA,Universal,,,0
322,1052,2376,2376,2303,2335,The Graduate,The Candidate,Mike Nichols,Michael Ritchie,106 min,109 min,22-Dec-67,29-Jun-72,PG,Comedy|Drama,8.0,Dustin Hoffman|Anne Bancroft|Katharine Ross,USA,Lawrence Turman,1967.0,December,R,Drama,9,Robert Redford|Peter Boyle|Don Porter|Allen Garfield,USA,Warner Brothers,1972.0,June,0
335,1093,2505,2505,2325,2373,The Haunting,The Conjuring,Jan de Bont,James Wan,113 min,112 min,23-Jul-99,19-Jul-13,PG13,Fantasy|Horror|Mystery,4.9,Liam Neeson|Catherine Zeta-Jones|Owen Wilson,USA,DreamWorks|Roth-Arnold Productions,1999.0,July,R,Horror,8,Vera Farmiga|Patrick Wilson|Ron Livingston|Lili Taylor,USA,Evergreen Media Group|Safran Co.,2013.0,July,0
217,851,1816,1816,1951,2092,Spider-Man 3,Spider-Man,Sam Raimi,Sam Raimi,139 min,121 min,4-May-07,30-Apr-02,PG13,Action|Adventure|Sci-Fi,6.2,Tobey Maguire|Kirsten Dunst|Topher Grace,USA,Columbia Pictures|Marvel Studios|Laura Ziskin Productions,2007.0,May,PG13,Action,8,Tobey Maguire|Willem Dafoe|Kirsten Dunst|James Franco,USA,Columbia Pictures|Marvel Studios,2002.0,April,0
295,1136,2601,2601,2219,2406,The Departed,The Dead,Martin Scorsese,Howard J. Ford|Jon Ford,151 min,105 min,6-Oct-06,1-Oct-11,R,Crime|Drama|Thriller,8.5,Leonardo DiCaprio|Matt Damon|Jack Nicholson,USA|USA,Warner Bros.|Plan B Entertainment|Initial Entertainment Group (IEG),2006.0,October,R,Horror,6,Rob Freeman|David Dontoh,UK,,2011.0,October,0
101,408,899,899,923,984,Groundhog Day,Groundhog Day,Harold Ramis,Harold Ramis,101 min,103 min,12-Feb-93,12-Feb-93,PG,Comedy|Fantasy|Romance,8.0,Bill Murray|Andie MacDowell|Chris Elliott,USA,Columbia Pictures Corporation,1993.0,February,PG,Comedy|Fantasy,9,Bill Murray|Andie MacDowell|Chris Elliott|Stephen Tobolowsky,USA,Columbia Pictures,1993.0,February,1
374,1534,3822,3822,2434,2672,The Lovely Bones,The Love Witch,Peter Jackson,Anna Biller,135 min,120 min,15-Jan-10,11-Nov-16,PG13,Drama|Fantasy|Thriller,6.7,Rachel Weisz|Mark Wahlberg|Saoirse Ronan,USA|USA|USA,DreamWorks|Film4|WingNut Films,2010.0,January,,Avant-garde / Experimental|Horror,8,Samantha Robinson|Jared Sanford|Jennifer Ingrum|Randy Evans,USA,Anna Biller Productions,2016.0,November,0
58,247,550,550,567,582,Day of the Dead: Bloodline,Dawn of the Dead,Hctor Hernndez Vicens,George A. Romero,90 min,126 min,5-Jan-18,,R,Horror,3.4,Sophie Skelton|Johnathon Schaech|Jeff Gum,Bulgaria|Bulgaria,Nu Boyana Film Studios,2018.0,January,NR,Horror,7,Scott Reiniger|Ken Foree|David Emge|Gaylen Ross,USA,Laurel Group|United Film Distribution,,,0
118,648,1406,1406,1108,1540,Jackie Brown,Mrs. Brown,Quentin Tarantino,John Madden,154 min,103 min,25-Dec-97,8-Jul-97,R,Crime|Drama|Thriller,7.5,Pam Grier|Samuel L. Jackson|Robert Forster,USA,Miramax|A Band Apart|Lawrence Bender Productions,1997.0,December,PG,Romance|Historical Film|Drama,8,Judi Dench|Billy Connolly|Geoffrey Palmer|David Westhead,UK,Ecosse Films|Miramax,1997.0,July,0
334,1829,4702,4702,2322,2927,The Happytime Murders,The Time Masters,Brian Henson,Ren Laloux,0 min,78 min,17-Aug-18,,,Comedy|Crime|Fantasy,,Elizabeth Banks|Melissa McCarthy|Joel McHale,USA,"Henson Alternative|Jim Henson Company, The|On The Day Productions",2018.0,August,,Science Fiction,6,Jean Valmont|Michael Elias|Alain Cuny|Saddy Rebbot,France|Switzerland|West Germany,Compagnie Commerciale Francais Cinematographie [DISTRIBUTION]|SSR Productions|Sudwestfunk|Telecip|TF1 Films|WDR TV,,,0
202,801,1729,1729,1856,2002,Sherlock Gnomes,Sherlock Jr.,John Stevenson,Buster Keaton,86 min,0 min,23-Mar-18,21-Apr-24,PG,Animation|Adventure|Comedy,4.7,Kelly Asbury|Mary J. Blige|Emily Blunt,UK|UK,Metro-Goldwyn-Mayer (MGM)|Paramount Animation|Paramount Pictures,2018.0,March,,Comedy|Drama|Fantasy,10,Buster Keaton|Kathryn McGuire|Ward Crane|Joe Keaton,USA,MGM,1924.0,April,0
54,232,509,509,530,527,"Crazy, Stupid, Love.","Crazy, Stupid, Love.",Glenn Ficarra|John Requa,Glenn Ficarra|John Requa,118 min,117 min,29-Jul-11,29-Jul-11,PG13,Comedy|Drama|Romance,7.4,Steve Carell|Ryan Gosling|Julianne Moore,USA,Carousel Productions (II),2011.0,July,PG13,Comedy,8,Steve Carell|Ryan Gosling|Julianne Moore|Emma Stone,USA,Carousel|Di Novi Pictures,2011.0,July,1
285,1046,2346,2346,2198,2332,The Craft,The Call,Andrew Fleming,Brad Anderson,101 min,88 min,3-May-96,15-Mar-13,R,Drama|Fantasy|Horror,6.3,Robin Tunney|Fairuza Balk|Neve Campbell,USA,Columbia Pictures Corporation|Red Wagon Entertainment,1996.0,May,R,Thriller,7,Halle Berry|Abigail Breslin|Morris Chestnut|Michael Eklund,USA,Amasia Entertainment|Apotheosis Media Group|Stage 6 Films|Troika Pictures|WWE Studios,2013.0,March,0
409,1489,3723,3723,2518,2657,The Princess Diaries,The Little Prince,Garry Marshall,Mark Osborne,111 min,108 min,3-Aug-01,,G,Comedy|Family|Romance,6.3,Julie Andrews|Anne Hathaway|Hector Elizondo,USA,Walt Disney Pictures|BrownHouse Productions|Bottom of the Ninth Productions,2001.0,August,PG,Fantasy|Science Fiction,7,James Franco|Rachel McAdams|Jeff Bridges|Marion Cotillard,France,Onyx Films|Orange Studio,,,0
465,1888,4909,4909,2629,2986,The Walk,The Witch,Robert Zemeckis,Robert Eggers,123 min,92 min,9-Oct-15,19-Feb-16,PG,Adventure|Biography|Crime,7.3,Joseph Gordon-Levitt|Charlotte Le Bon|Guillaume Baillargeon,USA,Sony Pictures Entertainment (SPE)|TriStar Productions|ImageMovers,2015.0,October,R,Horror,8,Anya Taylor-Joy|Ralph Ineson|Kate Dickie|Harvey Scrimshaw,Canada|USA,,2016.0,February,0
